-- phpMyAdmin SQL Dump
-- version 4.1.14
-- http://www.phpmyadmin.net
--
-- Host: 127.0.0.1
-- Generation Time: Apr 22, 2016 at 04:48 PM
-- Server version: 5.6.17-log
-- PHP Version: 5.5.12

SET SQL_MODE = "NO_AUTO_VALUE_ON_ZERO";
SET time_zone = "+00:00";


/*!40101 SET @OLD_CHARACTER_SET_CLIENT=@@CHARACTER_SET_CLIENT */;
/*!40101 SET @OLD_CHARACTER_SET_RESULTS=@@CHARACTER_SET_RESULTS */;
/*!40101 SET @OLD_COLLATION_CONNECTION=@@COLLATION_CONNECTION */;
/*!40101 SET NAMES utf8 */;

--
-- Database: `toeic4u`
--

-- --------------------------------------------------------

--
-- Table structure for table `admin`
--

CREATE TABLE IF NOT EXISTS `admin` (
  `id` int(11) NOT NULL AUTO_INCREMENT,
  `username` varchar(255) CHARACTER SET utf8 NOT NULL DEFAULT '0',
  `password` varchar(255) CHARACTER SET utf8 NOT NULL DEFAULT '0',
  `fullname` varchar(255) CHARACTER SET utf8 DEFAULT '0',
  `email` varchar(255) COLLATE utf8_unicode_ci DEFAULT '0',
  `created` datetime DEFAULT '0000-00-00 00:00:00',
  `updated` datetime DEFAULT '0000-00-00 00:00:00',
  PRIMARY KEY (`id`),
  UNIQUE KEY `username` (`username`)
) ENGINE=InnoDB  DEFAULT CHARSET=utf8 COLLATE=utf8_unicode_ci AUTO_INCREMENT=5 ;

--
-- Dumping data for table `admin`
--

INSERT INTO `admin` (`id`, `username`, `password`, `fullname`, `email`, `created`, `updated`) VALUES
(2, 'suongnguyen93', 'fcea920f7412b5da7be0cf42b8c93759', 'Sương Nguyễn', 'amy.suong93@gmail.com', '2016-03-23 00:36:39', '2016-03-23 00:38:34'),
(3, 'sullyyang', 'fcea920f7412b5da7be0cf42b8c93759', 'Cẩm Trần', 'camtran2903@gmail.com', '2016-03-23 00:49:03', '2016-03-28 23:11:49'),
(4, 'admin123', 'e10adc3949ba59abbe56e057f20f883e', 'suong nguyen', 'amy.suong93@gmail.com', '2016-04-01 00:02:19', '0000-00-00 00:00:00');

-- --------------------------------------------------------

--
-- Table structure for table `choice`
--

CREATE TABLE IF NOT EXISTS `choice` (
  `id` int(11) NOT NULL AUTO_INCREMENT,
  `content` varchar(255) CHARACTER SET utf8 COLLATE utf8_unicode_ci NOT NULL,
  `correct_answer` tinyint(4) NOT NULL DEFAULT '0',
  `question_id` int(11) NOT NULL,
  `created` datetime NOT NULL,
  `updated` datetime NOT NULL,
  PRIMARY KEY (`id`),
  KEY `question_id` (`question_id`)
) ENGINE=InnoDB  DEFAULT CHARSET=latin1 AUTO_INCREMENT=731 ;

--
-- Dumping data for table `choice`
--

INSERT INTO `choice` (`id`, `content`, `correct_answer`, `question_id`, `created`, `updated`) VALUES
(101, 'The woman is turning off the computer.', 0, 30, '2016-04-21 14:40:36', '0000-00-00 00:00:00'),
(102, 'The woman is looking through some papers.', 0, 30, '2016-04-21 14:40:36', '0000-00-00 00:00:00'),
(103, 'The woman is staring at a screen.', 1, 30, '2016-04-21 14:40:36', '0000-00-00 00:00:00'),
(104, 'The woman is cleaning her desk.', 0, 30, '2016-04-21 14:40:36', '0000-00-00 00:00:00'),
(105, 'The boxes have been loaded onto a truck.', 0, 31, '2016-04-21 14:43:09', '0000-00-00 00:00:00'),
(106, 'Some workers are unpacking the boxes.', 0, 31, '2016-04-21 14:43:09', '0000-00-00 00:00:00'),
(107, 'The boxes are stacked on the shelves.', 0, 31, '2016-04-21 14:43:09', '0000-00-00 00:00:00'),
(108, 'Labels are attached on each box.', 1, 31, '2016-04-21 14:43:10', '0000-00-00 00:00:00'),
(109, 'A worker is operating heavy machinery.', 0, 32, '2016-04-21 14:45:03', '0000-00-00 00:00:00'),
(110, 'The building is being demolished.', 0, 32, '2016-04-21 14:45:03', '0000-00-00 00:00:00'),
(111, 'The men are working at a construction site.', 1, 32, '2016-04-21 14:45:03', '0000-00-00 00:00:00'),
(112, 'The construction work has been completed.', 0, 32, '2016-04-21 14:45:03', '0000-00-00 00:00:00'),
(113, 'He’s opening the car door.', 0, 33, '2016-04-21 14:46:35', '2016-04-21 14:49:38'),
(114, 'He’s holding the car trunk open.', 1, 33, '2016-04-21 14:46:35', '2016-04-21 14:49:39'),
(115, 'He’s pulling his suitcase.', 0, 33, '2016-04-21 14:46:35', '2016-04-21 14:49:39'),
(116, 'He’s parking his car near the curb.', 0, 33, '2016-04-21 14:46:35', '2016-04-21 14:49:39'),
(117, 'They’re going on a carriage ride.', 1, 34, '2016-04-21 14:48:11', '2016-04-21 14:48:19'),
(118, 'The driver is riding on horseback.', 0, 34, '2016-04-21 14:48:12', '2016-04-21 14:48:19'),
(119, 'They''re feeding the horse.', 0, 34, '2016-04-21 14:48:12', '2016-04-21 14:48:19'),
(120, 'The carriage is going down a country road.', 0, 34, '2016-04-21 14:48:12', '2016-04-21 14:48:19'),
(121, 'Some of the windows are open.', 0, 35, '2016-04-21 14:49:22', '2016-04-21 14:49:29'),
(122, 'The windows are being cleaned.', 0, 35, '2016-04-21 14:49:22', '2016-04-21 14:49:29'),
(123, 'All the windows look different.', 0, 35, '2016-04-21 14:49:22', '2016-04-21 14:49:29'),
(124, 'There’s a flowerpot at each window.', 1, 35, '2016-04-21 14:49:22', '2016-04-21 14:49:29'),
(125, 'They are sweeping the court.', 0, 36, '2016-04-21 14:50:49', '2016-04-21 14:50:58'),
(126, 'They are paying for a tennis racket.', 0, 36, '2016-04-21 14:50:49', '2016-04-21 14:50:58'),
(127, 'They are having a break.', 0, 36, '2016-04-21 14:50:49', '2016-04-21 14:50:59'),
(128, 'They are playing a sport.', 1, 36, '2016-04-21 14:50:49', '2016-04-21 14:50:59'),
(129, 'Some boats are sailing on the open sea.', 0, 37, '2016-04-21 14:52:06', '0000-00-00 00:00:00'),
(130, 'The boats are tied at the dock.', 1, 37, '2016-04-21 14:52:06', '0000-00-00 00:00:00'),
(131, 'One of the boats is pushing the other.', 0, 37, '2016-04-21 14:52:06', '0000-00-00 00:00:00'),
(132, 'The boats have been pulled out of the water.', 0, 37, '2016-04-21 14:52:06', '0000-00-00 00:00:00'),
(133, 'The man is resting his chin in his hand.', 1, 38, '2016-04-21 14:53:10', '0000-00-00 00:00:00'),
(134, 'The man is reviewing some documents.', 0, 38, '2016-04-21 14:53:10', '0000-00-00 00:00:00'),
(135, 'The man is taking off his glasses.', 0, 38, '2016-04-21 14:53:10', '0000-00-00 00:00:00'),
(136, 'The man is enjoying the view from the window.', 0, 38, '2016-04-21 14:53:10', '0000-00-00 00:00:00'),
(137, 'There are some items on sale.', 0, 39, '2016-04-21 14:54:42', '0000-00-00 00:00:00'),
(138, 'The store is filled with customers.', 0, 39, '2016-04-21 14:54:42', '0000-00-00 00:00:00'),
(139, 'A variety of items are displayed in the store.', 1, 39, '2016-04-21 14:54:42', '0000-00-00 00:00:00'),
(140, 'A salesperson is shelving some merchandise.', 0, 39, '2016-04-21 14:54:42', '0000-00-00 00:00:00'),
(141, 'Yes, she will be.', 0, 40, '2016-04-21 14:58:35', '0000-00-00 00:00:00'),
(142, 'To Japan.', 1, 40, '2016-04-21 14:58:35', '0000-00-00 00:00:00'),
(143, 'Next month.', 0, 40, '2016-04-21 14:58:35', '0000-00-00 00:00:00'),
(144, 'No, he’s not coming.', 0, 41, '2016-04-21 14:59:46', '2016-04-21 15:00:13'),
(145, 'I can be there in 10 minutes.', 1, 41, '2016-04-21 14:59:46', '2016-04-21 15:00:13'),
(146, 'Whichever is faster.', 0, 41, '2016-04-21 14:59:47', '2016-04-21 15:00:13'),
(147, 'Yes, if we work quickly.', 1, 42, '2016-04-21 15:01:19', '0000-00-00 00:00:00'),
(148, 'About three times a week.', 0, 42, '2016-04-21 15:01:19', '0000-00-00 00:00:00'),
(149, 'Open it when you get off work.', 0, 42, '2016-04-21 15:01:19', '0000-00-00 00:00:00'),
(150, 'You can go by train.', 0, 43, '2016-04-21 15:03:06', '0000-00-00 00:00:00'),
(151, 'More than four days.', 0, 43, '2016-04-21 15:03:06', '0000-00-00 00:00:00'),
(152, 'You certainly can.', 1, 43, '2016-04-21 15:03:06', '0000-00-00 00:00:00'),
(153, 'Yes, I enjoyed it very much.', 0, 44, '2016-04-21 15:04:16', '0000-00-00 00:00:00'),
(154, 'For about two years.', 1, 44, '2016-04-21 15:04:16', '0000-00-00 00:00:00'),
(155, 'In the Personnel Department.', 0, 44, '2016-04-21 15:04:16', '0000-00-00 00:00:00'),
(156, 'No, I don''t have it.', 0, 45, '2016-04-21 15:05:36', '0000-00-00 00:00:00'),
(157, 'About 200 dollars a week.', 1, 45, '2016-04-21 15:05:36', '0000-00-00 00:00:00'),
(158, 'Every Tuesday.', 0, 45, '2016-04-21 15:05:36', '0000-00-00 00:00:00'),
(159, 'Not me.', 1, 46, '2016-04-21 15:06:53', '0000-00-00 00:00:00'),
(160, 'From the head office.', 0, 46, '2016-04-21 15:06:53', '0000-00-00 00:00:00'),
(161, 'In the morning.', 0, 46, '2016-04-21 15:06:54', '0000-00-00 00:00:00'),
(162, 'It doesn’t matter.', 1, 47, '2016-04-21 15:08:23', '0000-00-00 00:00:00'),
(163, 'Yes, that would be fine.', 0, 47, '2016-04-21 15:08:23', '0000-00-00 00:00:00'),
(164, 'I’ll see you later', 0, 47, '2016-04-21 15:08:23', '0000-00-00 00:00:00'),
(165, 'Yes, If you can cover me on Monday.', 1, 48, '2016-04-21 15:09:44', '0000-00-00 00:00:00'),
(166, 'Which magazine cover did you say?', 0, 48, '2016-04-21 15:09:44', '0000-00-00 00:00:00'),
(167, 'From nine to four thirty.', 0, 48, '2016-04-21 15:09:45', '0000-00-00 00:00:00'),
(168, 'She is staring out the window.', 0, 49, '2016-04-21 15:10:23', '0000-00-00 00:00:00'),
(169, 'It’ll be cloudy all day.', 0, 49, '2016-04-21 15:10:23', '0000-00-00 00:00:00'),
(170, 'They’re under construction.', 1, 49, '2016-04-21 15:10:23', '0000-00-00 00:00:00'),
(171, 'Not until next week.', 1, 50, '2016-04-21 15:11:24', '2016-04-21 15:13:07'),
(172, 'Yes, I suppose so.', 0, 50, '2016-04-21 15:11:24', '2016-04-21 15:13:07'),
(173, 'I signed up for it.', 0, 50, '2016-04-21 15:11:24', '2016-04-21 15:13:07'),
(174, 'At the convention center downtown.', 0, 51, '2016-04-21 15:12:56', '0000-00-00 00:00:00'),
(175, 'Have you tried taking route 29?', 1, 51, '2016-04-21 15:12:56', '0000-00-00 00:00:00'),
(176, 'I''m surprised you don’t like shopping.', 0, 51, '2016-04-21 15:12:56', '0000-00-00 00:00:00'),
(177, 'At 9:00 in the evening.', 0, 52, '2016-04-21 15:14:23', '0000-00-00 00:00:00'),
(178, 'The conference room 401.', 0, 52, '2016-04-21 15:14:23', '0000-00-00 00:00:00'),
(179, 'She had to pick up a client.', 1, 52, '2016-04-21 15:14:23', '0000-00-00 00:00:00'),
(180, 'Three days a week.', 0, 53, '2016-04-21 15:15:15', '0000-00-00 00:00:00'),
(181, 'For how many people?', 1, 53, '2016-04-21 15:15:15', '0000-00-00 00:00:00'),
(182, 'The menu is so diverse.', 0, 53, '2016-04-21 15:15:15', '0000-00-00 00:00:00'),
(183, 'That’s fine. I’ll call her.', 0, 54, '2016-04-21 15:16:10', '0000-00-00 00:00:00'),
(184, 'I like blue or green.', 1, 54, '2016-04-21 15:16:11', '0000-00-00 00:00:00'),
(185, 'The paintings are on sale.', 0, 54, '2016-04-21 15:16:11', '0000-00-00 00:00:00'),
(186, 'I haven’t seen what Mr. Cleary wrote.', 0, 55, '2016-04-21 15:17:58', '0000-00-00 00:00:00'),
(187, 'The receptionist can help you.', 1, 55, '2016-04-21 15:17:58', '0000-00-00 00:00:00'),
(188, 'It’ll begin at the beginning of next', 0, 55, '2016-04-21 15:17:58', '0000-00-00 00:00:00'),
(189, 'He is under lots of pressure lately.', 0, 56, '2016-04-21 15:19:17', '0000-00-00 00:00:00'),
(190, 'No, he hasn’t finished them yet.', 0, 56, '2016-04-21 15:19:17', '0000-00-00 00:00:00'),
(191, 'Yes, he’s Eeen doing a lot of research.', 1, 56, '2016-04-21 15:19:17', '0000-00-00 00:00:00'),
(192, 'It’s okay. Take your time.', 0, 57, '2016-04-21 15:20:07', '0000-00-00 00:00:00'),
(193, 'Yes, usually around  4.', 1, 57, '2016-04-21 15:20:07', '0000-00-00 00:00:00'),
(194, 'Yes, it’s broken.', 0, 57, '2016-04-21 15:20:07', '0000-00-00 00:00:00'),
(195, 'Oh, you’re right. It Is.', 1, 58, '2016-04-21 15:21:51', '0000-00-00 00:00:00'),
(196, 'I called him yesterday.', 0, 58, '2016-04-21 15:21:51', '0000-00-00 00:00:00'),
(197, 'Yes, you can call me back.', 0, 58, '2016-04-21 15:21:51', '0000-00-00 00:00:00'),
(198, 'The conference was very helpful.', 0, 59, '2016-04-21 15:22:32', '0000-00-00 00:00:00'),
(199, 'No, I didn’t see your notes.', 0, 59, '2016-04-21 15:22:32', '0000-00-00 00:00:00'),
(200, 'I’ll make sure to do it.', 1, 59, '2016-04-21 15:22:32', '0000-00-00 00:00:00'),
(201, 'In the evening.', 1, 60, '2016-04-21 15:23:18', '0000-00-00 00:00:00'),
(202, 'At work.', 0, 60, '2016-04-21 15:23:18', '0000-00-00 00:00:00'),
(203, 'Yes, yesterday morning.', 0, 60, '2016-04-21 15:23:18', '0000-00-00 00:00:00'),
(204, 'I’m already a member there.', 0, 61, '2016-04-21 15:24:08', '0000-00-00 00:00:00'),
(205, 'Very sorry to hear that.', 0, 61, '2016-04-21 15:24:08', '0000-00-00 00:00:00'),
(206, 'I can’t, I have a prior arrangement.', 1, 61, '2016-04-21 15:24:08', '0000-00-00 00:00:00'),
(207, 'No, I can’t make it tomorrow.', 0, 62, '2016-04-21 15:41:19', '0000-00-00 00:00:00'),
(208, 'It’s going to Ee chilly and wet.', 1, 62, '2016-04-21 15:41:20', '0000-00-00 00:00:00'),
(209, 'I like rainy weather the best.', 0, 62, '2016-04-21 15:41:20', '0000-00-00 00:00:00'),
(210, 'Is he here today?', 1, 63, '2016-04-21 15:42:29', '0000-00-00 00:00:00'),
(211, 'Sorry, we''re completely out', 0, 63, '2016-04-21 15:42:29', '0000-00-00 00:00:00'),
(212, 'He was assigned to our department.', 0, 63, '2016-04-21 15:42:29', '0000-00-00 00:00:00'),
(213, 'The one on the left seems good', 0, 64, '2016-04-21 15:43:28', '0000-00-00 00:00:00'),
(214, 'Too bad you were out of town.', 1, 64, '2016-04-21 15:43:29', '0000-00-00 00:00:00'),
(215, 'It was nice to see you.', 0, 64, '2016-04-21 15:43:29', '0000-00-00 00:00:00'),
(216, 'Yes, I saw that he planted them there.', 0, 65, '2016-04-21 15:45:08', '0000-00-00 00:00:00'),
(217, 'No, he is planning to resign next year.', 0, 65, '2016-04-21 15:45:08', '0000-00-00 00:00:00'),
(218, 'Yes, he showed me a draft this morning.', 1, 65, '2016-04-21 15:45:08', '0000-00-00 00:00:00'),
(219, 'This work doesn’t suit you.', 0, 66, '2016-04-21 15:46:03', '0000-00-00 00:00:00'),
(220, 'Thanks, but I’d rather stand.', 0, 66, '2016-04-21 15:46:03', '0000-00-00 00:00:00'),
(221, 'Why don’t we try it out?', 1, 66, '2016-04-21 15:46:03', '0000-00-00 00:00:00'),
(222, 'Sounds like a good idea.', 1, 67, '2016-04-21 15:46:59', '0000-00-00 00:00:00'),
(223, 'The restaurant next to Hilton St.', 0, 67, '2016-04-21 15:46:59', '0000-00-00 00:00:00'),
(224, 'At 7 p.m. sharp.', 0, 67, '2016-04-21 15:46:59', '0000-00-00 00:00:00'),
(225, 'Yes, it’s hard to meet the customers’ needs.', 0, 68, '2016-04-21 15:47:48', '0000-00-00 00:00:00'),
(226, 'No, the line is starting to move now.', 0, 68, '2016-04-21 15:47:48', '0000-00-00 00:00:00'),
(227, 'We’ll need to ask for an extension.', 1, 68, '2016-04-21 15:47:48', '0000-00-00 00:00:00'),
(228, 'I’ll look into it and call you back.', 1, 69, '2016-04-21 15:48:55', '0000-00-00 00:00:00'),
(229, 'Because the interest rates are too low.', 0, 69, '2016-04-21 15:48:55', '0000-00-00 00:00:00'),
(230, 'Yes, it seems you’re right.', 0, 69, '2016-04-21 15:48:55', '0000-00-00 00:00:00'),
(235, 'In a gift shop', 0, 71, '2016-04-21 19:28:20', '0000-00-00 00:00:00'),
(236, 'In a restaurant', 0, 71, '2016-04-21 19:28:21', '0000-00-00 00:00:00'),
(237, 'In a hotel', 1, 71, '2016-04-21 19:28:21', '0000-00-00 00:00:00'),
(238, 'On a tour bus', 0, 71, '2016-04-21 19:28:21', '0000-00-00 00:00:00'),
(239, 'A ticket for the bus', 0, 72, '2016-04-21 19:29:20', '0000-00-00 00:00:00'),
(240, 'An umbrella', 1, 72, '2016-04-21 19:29:20', '0000-00-00 00:00:00'),
(241, 'A watch', 0, 72, '2016-04-21 19:29:20', '0000-00-00 00:00:00'),
(242, 'A birthday present', 0, 72, '2016-04-21 19:29:20', '0000-00-00 00:00:00'),
(243, '8:00 a.m', 1, 73, '2016-04-21 19:30:07', '0000-00-00 00:00:00'),
(244, '9:00 a.m', 0, 73, '2016-04-21 19:30:07', '0000-00-00 00:00:00'),
(245, '2:00 p.m', 0, 73, '2016-04-21 19:30:07', '0000-00-00 00:00:00'),
(246, '3:00 p.m', 0, 73, '2016-04-21 19:30:07', '0000-00-00 00:00:00'),
(247, 'A phone number', 0, 74, '2016-04-21 19:35:22', '0000-00-00 00:00:00'),
(248, 'A file', 1, 74, '2016-04-21 19:35:22', '0000-00-00 00:00:00'),
(249, 'A security card', 0, 74, '2016-04-21 19:35:22', '0000-00-00 00:00:00'),
(250, 'A key', 0, 74, '2016-04-21 19:35:22', '0000-00-00 00:00:00'),
(251, 'At  a car repair shop', 0, 75, '2016-04-21 19:36:02', '0000-00-00 00:00:00'),
(252, 'In a seminar', 0, 75, '2016-04-21 19:36:02', '0000-00-00 00:00:00'),
(253, 'in an employee orientation', 0, 75, '2016-04-21 19:36:02', '0000-00-00 00:00:00'),
(254, 'on vacation', 1, 75, '2016-04-21 19:36:02', '0000-00-00 00:00:00'),
(255, 'Check his office', 1, 76, '2016-04-21 19:36:59', '0000-00-00 00:00:00'),
(256, 'Contact Johnny', 0, 76, '2016-04-21 19:36:59', '0000-00-00 00:00:00'),
(257, 'Attend the next meeting', 0, 76, '2016-04-21 19:36:59', '0000-00-00 00:00:00'),
(258, 'Visit another department', 0, 76, '2016-04-21 19:36:59', '0000-00-00 00:00:00'),
(259, 'They are free.', 1, 77, '2016-04-21 19:39:37', '0000-00-00 00:00:00'),
(260, 'They are for tomorrow’s show.', 0, 77, '2016-04-21 19:39:37', '0000-00-00 00:00:00'),
(261, 'They are sold out.', 0, 77, '2016-04-21 19:39:37', '0000-00-00 00:00:00'),
(262, 'She will mail them.', 0, 77, '2016-04-21 19:39:37', '0000-00-00 00:00:00'),
(263, 'At the city park', 0, 78, '2016-04-21 19:40:13', '0000-00-00 00:00:00'),
(264, 'In a town hall', 1, 78, '2016-04-21 19:40:14', '0000-00-00 00:00:00'),
(265, 'In a university', 0, 78, '2016-04-21 19:40:14', '0000-00-00 00:00:00'),
(266, 'At a sports stadium', 0, 78, '2016-04-21 19:40:14', '0000-00-00 00:00:00'),
(267, 'Actors', 0, 79, '2016-04-21 19:40:58', '0000-00-00 00:00:00'),
(268, 'Comedians', 0, 79, '2016-04-21 19:40:58', '0000-00-00 00:00:00'),
(269, 'Musicians', 1, 79, '2016-04-21 19:40:58', '0000-00-00 00:00:00'),
(270, 'Dancers', 0, 79, '2016-04-21 19:40:58', '0000-00-00 00:00:00'),
(271, 'New managers', 1, 80, '2016-04-21 19:44:51', '0000-00-00 00:00:00'),
(272, 'Orientation leaders', 0, 80, '2016-04-21 19:44:51', '0000-00-00 00:00:00'),
(273, 'Regional clients', 0, 80, '2016-04-21 19:44:51', '0000-00-00 00:00:00'),
(274, 'Job applicants', 0, 80, '2016-04-21 19:44:51', '0000-00-00 00:00:00'),
(275, 'Interview', 0, 81, '2016-04-21 19:45:49', '0000-00-00 00:00:00'),
(276, 'Orientation', 1, 81, '2016-04-21 19:45:49', '0000-00-00 00:00:00'),
(277, 'Regional sales meeting', 0, 81, '2016-04-21 19:45:49', '0000-00-00 00:00:00'),
(278, 'Employee lunch', 0, 81, '2016-04-21 19:45:49', '0000-00-00 00:00:00'),
(279, 'It was expensive.', 0, 82, '2016-04-21 19:46:39', '0000-00-00 00:00:00'),
(280, 'It was not helpful.', 0, 82, '2016-04-21 19:46:39', '0000-00-00 00:00:00'),
(281, 'It was not announced.', 0, 82, '2016-04-21 19:46:39', '0000-00-00 00:00:00'),
(282, 'It was too long.', 1, 82, '2016-04-21 19:46:39', '0000-00-00 00:00:00'),
(283, 'The restaurant doesn’t accept any coupons.', 0, 83, '2016-04-21 19:51:53', '0000-00-00 00:00:00'),
(284, 'The group has too many people.', 0, 83, '2016-04-21 19:51:53', '0000-00-00 00:00:00'),
(285, 'The restaurant opens too late.', 0, 83, '2016-04-21 19:51:53', '0000-00-00 00:00:00'),
(286, 'There is no reservation on record.', 1, 83, '2016-04-21 19:51:53', '0000-00-00 00:00:00'),
(287, 'Attended a retirement party', 0, 84, '2016-04-21 19:52:38', '0000-00-00 00:00:00'),
(288, 'Met an important client', 0, 84, '2016-04-21 19:52:38', '0000-00-00 00:00:00'),
(289, 'Reserved a meeting room', 0, 84, '2016-04-21 19:52:38', '0000-00-00 00:00:00'),
(290, 'Made a restaurant reservation', 1, 84, '2016-04-21 19:52:38', '0000-00-00 00:00:00'),
(291, 'Bring a menu', 0, 85, '2016-04-21 19:53:34', '2016-04-21 19:58:39'),
(292, 'Arrange a table', 1, 85, '2016-04-21 19:53:34', '2016-04-21 19:58:39'),
(293, 'Take an order', 0, 85, '2016-04-21 19:53:34', '2016-04-21 19:58:39'),
(294, 'Talk to a manager', 0, 85, '2016-04-21 19:53:34', '2016-04-21 19:58:39'),
(295, 'To order some furniture', 0, 86, '2016-04-21 19:56:26', '0000-00-00 00:00:00'),
(296, 'To send a pamphlet', 0, 86, '2016-04-21 19:56:26', '0000-00-00 00:00:00'),
(297, 'To request the final payment', 0, 86, '2016-04-21 19:56:26', '0000-00-00 00:00:00'),
(298, 'To set up a delivery schedule', 1, 86, '2016-04-21 19:56:26', '0000-00-00 00:00:00'),
(299, 'A payment has not been made.', 0, 87, '2016-04-21 19:57:04', '0000-00-00 00:00:00'),
(300, 'The house will be crowded with guests.', 0, 87, '2016-04-21 19:57:04', '0000-00-00 00:00:00'),
(301, 'One of the items is not ready.', 1, 87, '2016-04-21 19:57:04', '0000-00-00 00:00:00'),
(302, 'The event has to be delayed.', 0, 87, '2016-04-21 19:57:04', '0000-00-00 00:00:00'),
(303, 'The love seat will arrive.', 1, 88, '2016-04-21 19:57:42', '0000-00-00 00:00:00'),
(304, 'The party will be held.', 0, 88, '2016-04-21 19:57:42', '0000-00-00 00:00:00'),
(305, 'Ms. Alba will call the company.', 0, 88, '2016-04-21 19:57:42', '0000-00-00 00:00:00'),
(306, 'An invoice will be sent out', 0, 88, '2016-04-21 19:57:42', '0000-00-00 00:00:00'),
(307, 'The plan for a promotional campaign', 0, 89, '2016-04-21 20:03:46', '0000-00-00 00:00:00'),
(308, 'The budget for next year', 1, 89, '2016-04-21 20:03:46', '0000-00-00 00:00:00'),
(309, 'The schedule for interviewing new staff', 0, 89, '2016-04-21 20:03:46', '0000-00-00 00:00:00'),
(310, 'The next board meeting', 0, 89, '2016-04-21 20:03:46', '0000-00-00 00:00:00'),
(311, 'She called his cell phone.', 1, 90, '2016-04-21 20:04:22', '0000-00-00 00:00:00'),
(312, 'She sent him an e-mail.', 0, 90, '2016-04-21 20:04:22', '0000-00-00 00:00:00'),
(313, 'She left a message through his assistant.', 0, 90, '2016-04-21 20:04:23', '0000-00-00 00:00:00'),
(314, 'She stopped by his office.', 0, 90, '2016-04-21 20:04:23', '0000-00-00 00:00:00'),
(315, 'She’s busy for the rest of the day.', 0, 91, '2016-04-21 20:05:10', '0000-00-00 00:00:00'),
(316, 'She has a presentation at 10 a.m.', 0, 91, '2016-04-21 20:05:10', '0000-00-00 00:00:00'),
(317, 'She will be in a meeting after 2 p.m.', 1, 91, '2016-04-21 20:05:10', '0000-00-00 00:00:00'),
(318, 'She is having lunch with board members.', 0, 91, '2016-04-21 20:05:10', '0000-00-00 00:00:00'),
(319, 'To check his account balance', 0, 92, '2016-04-21 20:07:35', '0000-00-00 00:00:00'),
(320, 'To apply for a credit card', 0, 92, '2016-04-21 20:07:35', '0000-00-00 00:00:00'),
(321, 'To ask about the loan application', 0, 92, '2016-04-21 20:07:35', '0000-00-00 00:00:00'),
(322, 'To inquire about their hours of operation', 1, 92, '2016-04-21 20:07:35', '0000-00-00 00:00:00'),
(323, 'The local branch closes late.', 0, 93, '2016-04-21 20:08:15', '0000-00-00 00:00:00'),
(324, 'You can’t open a new account.', 0, 93, '2016-04-21 20:08:16', '0000-00-00 00:00:00'),
(325, 'The bank can get crowded.', 1, 93, '2016-04-21 20:08:16', '0000-00-00 00:00:00'),
(326, 'Only online transactions are available', 0, 93, '2016-04-21 20:08:16', '0000-00-00 00:00:00'),
(327, 'Check his bank statement online', 0, 94, '2016-04-21 20:09:56', '0000-00-00 00:00:00'),
(328, 'Fill out an application form in advance', 1, 94, '2016-04-21 20:09:56', '0000-00-00 00:00:00'),
(329, 'Bring a photocopy of his identification', 0, 94, '2016-04-21 20:09:56', '0000-00-00 00:00:00'),
(330, 'Make an appointment with a bank teller', 0, 94, '2016-04-21 20:09:56', '0000-00-00 00:00:00'),
(331, 'Monday', 0, 95, '2016-04-21 20:12:00', '0000-00-00 00:00:00'),
(332, 'Tuesday', 1, 95, '2016-04-21 20:12:00', '0000-00-00 00:00:00'),
(333, 'Wednesday', 0, 95, '2016-04-21 20:12:00', '0000-00-00 00:00:00'),
(334, 'Thursday', 0, 95, '2016-04-21 20:12:00', '0000-00-00 00:00:00'),
(335, 'A speaker', 0, 96, '2016-04-21 20:12:40', '0000-00-00 00:00:00'),
(336, 'A manager', 1, 96, '2016-04-21 20:12:40', '0000-00-00 00:00:00'),
(337, 'A client', 0, 96, '2016-04-21 20:12:40', '0000-00-00 00:00:00'),
(338, 'A salesman', 0, 96, '2016-04-21 20:12:41', '0000-00-00 00:00:00'),
(339, 'She forgot to send e-mails.', 1, 97, '2016-04-21 20:13:32', '0000-00-00 00:00:00'),
(340, 'She needs to finish a sales report.', 0, 97, '2016-04-21 20:13:32', '0000-00-00 00:00:00'),
(341, 'She was late for work today.', 0, 97, '2016-04-21 20:13:32', '0000-00-00 00:00:00'),
(342, 'She has a conflict in her schedule.', 0, 97, '2016-04-21 20:13:32', '0000-00-00 00:00:00'),
(343, 'An e-mail to the manager', 0, 98, '2016-04-21 20:16:01', '0000-00-00 00:00:00'),
(344, 'A medical checkup', 0, 98, '2016-04-21 20:16:01', '0000-00-00 00:00:00'),
(345, 'A company’s newsletter', 0, 98, '2016-04-21 20:16:01', '0000-00-00 00:00:00'),
(346, 'A financial report', 1, 98, '2016-04-21 20:16:01', '0000-00-00 00:00:00'),
(347, 'He has to meet his doctor.', 1, 99, '2016-04-21 20:16:46', '0000-00-00 00:00:00'),
(348, 'He has to pick up his car.', 0, 99, '2016-04-21 20:16:47', '0000-00-00 00:00:00'),
(349, 'He is having lunch with a colleague.', 0, 99, '2016-04-21 20:16:47', '0000-00-00 00:00:00'),
(350, 'He is attending a training session.', 0, 99, '2016-04-21 20:16:47', '0000-00-00 00:00:00'),
(351, 'Meet with the woman', 0, 100, '2016-04-21 20:17:23', '0000-00-00 00:00:00'),
(352, 'Review  a document', 1, 100, '2016-04-21 20:17:23', '0000-00-00 00:00:00'),
(353, 'Take a day off', 0, 100, '2016-04-21 20:17:23', '0000-00-00 00:00:00'),
(354, 'Speak with his supervisor', 0, 100, '2016-04-21 20:17:24', '0000-00-00 00:00:00'),
(355, 'To postpone a meeting', 0, 101, '2016-04-21 20:20:36', '0000-00-00 00:00:00'),
(356, 'To order some supplies', 0, 101, '2016-04-21 20:20:36', '0000-00-00 00:00:00'),
(357, 'To request a job interview', 0, 101, '2016-04-21 20:20:36', '0000-00-00 00:00:00'),
(358, 'To confirm an appointment', 1, 101, '2016-04-21 20:20:36', '0000-00-00 00:00:00'),
(359, 'Doctor', 0, 102, '2016-04-21 20:21:10', '0000-00-00 00:00:00'),
(360, 'Doctor', 0, 102, '2016-04-21 20:21:10', '0000-00-00 00:00:00'),
(361, 'Engineer', 0, 102, '2016-04-21 20:21:10', '0000-00-00 00:00:00'),
(362, 'Receptionist', 1, 102, '2016-04-21 20:21:10', '0000-00-00 00:00:00'),
(363, 'Call back later', 0, 103, '2016-04-21 20:21:45', '0000-00-00 00:00:00'),
(364, 'Make a payment', 0, 103, '2016-04-21 20:21:46', '0000-00-00 00:00:00'),
(365, 'Come to the office early', 1, 103, '2016-04-21 20:21:46', '0000-00-00 00:00:00'),
(366, 'Bring an insurance card', 0, 103, '2016-04-21 20:21:46', '0000-00-00 00:00:00'),
(367, 'Fresh fruit', 0, 104, '2016-04-21 20:26:29', '0000-00-00 00:00:00'),
(368, 'Vitamin tablets', 0, 104, '2016-04-21 20:26:29', '0000-00-00 00:00:00'),
(369, 'New beverage', 1, 104, '2016-04-21 20:26:29', '0000-00-00 00:00:00'),
(370, 'Frozen food', 0, 104, '2016-04-21 20:26:29', '0000-00-00 00:00:00'),
(371, 'it is easy to carry', 1, 105, '2016-04-21 20:27:10', '0000-00-00 00:00:00'),
(372, 'It is sold at local drugstores.', 0, 105, '2016-04-21 20:27:10', '0000-00-00 00:00:00'),
(373, 'it is packaged in a fresh- seal bottle.', 0, 105, '2016-04-21 20:27:10', '0000-00-00 00:00:00'),
(374, 'it can be prepared quickly', 0, 105, '2016-04-21 20:27:10', '0000-00-00 00:00:00'),
(375, 'Its sweet flavors', 0, 106, '2016-04-21 20:27:52', '0000-00-00 00:00:00'),
(376, 'Its reduced price', 0, 106, '2016-04-21 20:27:52', '0000-00-00 00:00:00'),
(377, 'Its unique apprearance', 0, 106, '2016-04-21 20:27:52', '0000-00-00 00:00:00'),
(378, 'Its nutritional value', 1, 106, '2016-04-21 20:27:52', '0000-00-00 00:00:00'),
(379, 'A publishing company', 0, 107, '2016-04-21 20:30:18', '0000-00-00 00:00:00'),
(380, 'A computer manufacturer', 1, 107, '2016-04-21 20:30:18', '0000-00-00 00:00:00'),
(381, 'An advertising agency', 0, 107, '2016-04-21 20:30:18', '0000-00-00 00:00:00'),
(382, 'A construction company', 0, 107, '2016-04-21 20:30:18', '0000-00-00 00:00:00'),
(383, 'For    its	customer support', 1, 108, '2016-04-21 20:31:01', '0000-00-00 00:00:00'),
(384, 'For its quality products', 0, 108, '2016-04-21 20:31:01', '0000-00-00 00:00:00'),
(385, 'For  its  contribution  to charities', 0, 108, '2016-04-21 20:31:01', '0000-00-00 00:00:00'),
(386, 'For its employee satisfaction', 0, 108, '2016-04-21 20:31:01', '0000-00-00 00:00:00'),
(387, 'Try some product samples', 0, 109, '2016-04-21 20:31:37', '2016-04-21 20:31:49'),
(388, 'Take a tour of a facility', 0, 109, '2016-04-21 20:31:37', '2016-04-21 20:31:49'),
(389, 'Discuss their business needs', 1, 109, '2016-04-21 20:31:37', '2016-04-21 20:31:49'),
(390, 'Give a presentation', 0, 109, '2016-04-21 20:31:37', '2016-04-21 20:31:49'),
(391, 'An apartment resident', 0, 110, '2016-04-21 20:33:58', '0000-00-00 00:00:00'),
(392, 'A building landlord', 0, 110, '2016-04-21 20:33:58', '0000-00-00 00:00:00'),
(393, 'A home decorator', 0, 110, '2016-04-21 20:33:58', '0000-00-00 00:00:00'),
(394, 'A real estate agent', 1, 110, '2016-04-21 20:33:58', '0000-00-00 00:00:00'),
(395, 'It’s near the train station.', 0, 111, '2016-04-21 20:35:03', '2016-04-21 20:35:20'),
(396, 'It has a great view.', 1, 111, '2016-04-21 20:35:03', '2016-04-21 20:35:21'),
(397, 'It needs to be renovated.', 0, 111, '2016-04-21 20:35:03', '2016-04-21 20:35:21'),
(398, 'It has recently been built.', 0, 111, '2016-04-21 20:35:03', '2016-04-21 20:35:21'),
(399, 'Look around the apartment', 0, 112, '2016-04-21 20:35:54', '0000-00-00 00:00:00'),
(400, 'Send a fax to her office', 0, 112, '2016-04-21 20:35:54', '0000-00-00 00:00:00'),
(401, 'Call her mobile phone', 1, 112, '2016-04-21 20:35:54', '0000-00-00 00:00:00'),
(402, 'Talk to the landlord', 0, 112, '2016-04-21 20:35:54', '0000-00-00 00:00:00'),
(403, 'To explain a delay in work', 1, 113, '2016-04-21 20:38:43', '0000-00-00 00:00:00'),
(404, 'To request machine repairs', 0, 113, '2016-04-21 20:38:43', '0000-00-00 00:00:00'),
(405, 'To book a plane ticket', 0, 113, '2016-04-21 20:38:43', '0000-00-00 00:00:00'),
(406, 'To ask about missing materials', 0, 113, '2016-04-21 20:38:43', '0000-00-00 00:00:00'),
(407, 'A factory', 1, 114, '2016-04-21 20:39:12', '0000-00-00 00:00:00'),
(408, 'A hotel', 0, 114, '2016-04-21 20:39:12', '0000-00-00 00:00:00'),
(409, 'An office', 0, 114, '2016-04-21 20:39:12', '0000-00-00 00:00:00'),
(410, 'An airport', 0, 114, '2016-04-21 20:39:12', '0000-00-00 00:00:00'),
(411, 'This morning', 0, 115, '2016-04-21 20:39:53', '0000-00-00 00:00:00'),
(412, 'This afternoon', 0, 115, '2016-04-21 20:39:53', '0000-00-00 00:00:00'),
(413, 'Tomorrow morning', 1, 115, '2016-04-21 20:39:53', '0000-00-00 00:00:00'),
(414, 'Tomorrow afternoon', 0, 115, '2016-04-21 20:39:53', '0000-00-00 00:00:00'),
(415, 'Photographers', 0, 116, '2016-04-21 20:43:43', '0000-00-00 00:00:00'),
(416, 'College professors', 0, 116, '2016-04-21 20:43:43', '0000-00-00 00:00:00'),
(417, 'Museum visitors', 1, 116, '2016-04-21 20:43:43', '0000-00-00 00:00:00'),
(418, 'News reporters', 0, 116, '2016-04-21 20:43:43', '0000-00-00 00:00:00'),
(419, 'They donated some money.', 1, 117, '2016-04-21 20:44:29', '0000-00-00 00:00:00'),
(420, 'They organized a photo exhibit.', 0, 117, '2016-04-21 20:44:29', '0000-00-00 00:00:00'),
(421, 'They performed for visitors.', 0, 117, '2016-04-21 20:44:29', '0000-00-00 00:00:00'),
(422, 'They decorated the interior.', 0, 117, '2016-04-21 20:44:29', '0000-00-00 00:00:00'),
(423, 'A speech will be given', 0, 118, '2016-04-21 20:45:30', '0000-00-00 00:00:00'),
(424, 'A reception will take place', 1, 118, '2016-04-21 20:45:31', '0000-00-00 00:00:00'),
(425, 'An exhibit will be viewed', 0, 118, '2016-04-21 20:45:31', '0000-00-00 00:00:00'),
(426, 'A meeting will be held', 0, 118, '2016-04-21 20:45:31', '0000-00-00 00:00:00'),
(427, 'To wellcome a new member', 1, 119, '2016-04-21 20:47:30', '0000-00-00 00:00:00'),
(428, 'To promote a job opening', 0, 119, '2016-04-21 20:47:30', '0000-00-00 00:00:00'),
(429, 'To announce a retirement', 0, 119, '2016-04-21 20:47:30', '0000-00-00 00:00:00'),
(430, 'To give a weather forecast', 0, 119, '2016-04-21 20:47:30', '0000-00-00 00:00:00'),
(431, 'A film-maker', 0, 120, '2016-04-21 20:48:14', '0000-00-00 00:00:00'),
(432, 'A TV show host', 0, 120, '2016-04-21 20:48:14', '0000-00-00 00:00:00'),
(433, 'A travel agent', 0, 120, '2016-04-21 20:48:14', '0000-00-00 00:00:00'),
(434, 'A newspaper editor', 1, 120, '2016-04-21 20:48:14', '0000-00-00 00:00:00'),
(435, 'The cold weather', 1, 121, '2016-04-21 20:49:00', '0000-00-00 00:00:00'),
(436, 'The company regulations', 0, 121, '2016-04-21 20:49:00', '0000-00-00 00:00:00'),
(437, 'The transportation system', 0, 121, '2016-04-21 20:49:00', '0000-00-00 00:00:00'),
(438, 'The working environment', 0, 121, '2016-04-21 20:49:00', '0000-00-00 00:00:00'),
(439, 'A clothing shop', 0, 122, '2016-04-21 20:51:42', '0000-00-00 00:00:00'),
(440, 'An office building', 0, 122, '2016-04-21 20:51:42', '0000-00-00 00:00:00'),
(441, 'A building supply store', 1, 122, '2016-04-21 20:51:43', '0000-00-00 00:00:00'),
(442, 'A construction site', 0, 122, '2016-04-21 20:51:43', '0000-00-00 00:00:00'),
(443, 'inspect their work areas', 1, 123, '2016-04-21 20:52:20', '0000-00-00 00:00:00'),
(444, 'Conduct a customer satisfaction survey', 0, 123, '2016-04-21 20:52:20', '0000-00-00 00:00:00'),
(445, 'Attend an orientation', 0, 123, '2016-04-21 20:52:20', '0000-00-00 00:00:00'),
(446, 'Record the hours their staff has worked', 0, 123, '2016-04-21 20:52:20', '0000-00-00 00:00:00'),
(447, 'The security department', 1, 124, '2016-04-21 20:52:56', '0000-00-00 00:00:00'),
(448, 'The accounting department', 0, 124, '2016-04-21 20:52:56', '0000-00-00 00:00:00'),
(449, 'The marketing department', 0, 124, '2016-04-21 20:52:56', '0000-00-00 00:00:00'),
(450, 'The personnel department', 0, 124, '2016-04-21 20:52:56', '0000-00-00 00:00:00'),
(451, 'Congested traffic', 0, 125, '2016-04-21 20:56:03', '0000-00-00 00:00:00'),
(452, 'Broken water pipes', 1, 125, '2016-04-21 20:56:03', '0000-00-00 00:00:00'),
(453, 'Street protests', 0, 125, '2016-04-21 20:56:03', '0000-00-00 00:00:00'),
(454, 'Damaged electrical lines', 0, 125, '2016-04-21 20:56:03', '0000-00-00 00:00:00'),
(455, 'Stay indoors', 0, 126, '2016-04-21 20:56:46', '0000-00-00 00:00:00'),
(456, 'Take an alternative route', 1, 126, '2016-04-21 20:56:46', '0000-00-00 00:00:00'),
(457, 'Drive slowly', 0, 126, '2016-04-21 20:56:46', '0000-00-00 00:00:00'),
(458, 'Leave for work earlier', 0, 126, '2016-04-21 20:56:46', '0000-00-00 00:00:00'),
(459, 'On Tuesday', 0, 127, '2016-04-21 20:57:28', '0000-00-00 00:00:00'),
(460, 'On Wednesday', 0, 127, '2016-04-21 20:57:28', '0000-00-00 00:00:00'),
(461, 'On Thursday', 0, 127, '2016-04-21 20:57:28', '0000-00-00 00:00:00'),
(462, 'On Friday', 1, 127, '2016-04-21 20:57:28', '0000-00-00 00:00:00'),
(463, 'Sports games', 0, 128, '2016-04-21 20:59:31', '0000-00-00 00:00:00'),
(464, 'International business', 0, 128, '2016-04-21 20:59:31', '0000-00-00 00:00:00'),
(465, 'Travel and holidays', 0, 128, '2016-04-21 20:59:31', '0000-00-00 00:00:00'),
(466, 'Art and music', 1, 128, '2016-04-21 20:59:31', '0000-00-00 00:00:00'),
(467, 'A city planner', 0, 129, '2016-04-21 21:00:12', '2016-04-21 21:16:39'),
(468, 'A newscaster', 0, 129, '2016-04-21 21:00:12', '2016-04-21 21:16:39'),
(469, 'A music director', 1, 129, '2016-04-21 21:00:13', '2016-04-21 21:16:39'),
(470, 'A professor', 0, 129, '2016-04-21 21:00:13', '2016-04-21 21:16:39'),
(471, 'A movie review', 0, 130, '2016-04-21 21:00:55', '0000-00-00 00:00:00'),
(472, 'A news update', 1, 130, '2016-04-21 21:00:55', '0000-00-00 00:00:00'),
(473, 'An advertisement', 0, 130, '2016-04-21 21:00:55', '0000-00-00 00:00:00'),
(474, 'A music concert', 0, 130, '2016-04-21 21:00:55', '0000-00-00 00:00:00'),
(475, 'was', 0, 131, '2016-04-21 21:16:26', '0000-00-00 00:00:00'),
(476, 'are', 0, 131, '2016-04-21 21:16:26', '0000-00-00 00:00:00'),
(477, 'has been', 0, 131, '2016-04-21 21:16:26', '0000-00-00 00:00:00'),
(478, 'will be', 1, 131, '2016-04-21 21:16:26', '0000-00-00 00:00:00'),
(479, 'by', 0, 132, '2016-04-21 21:18:03', '0000-00-00 00:00:00'),
(480, 'about', 0, 132, '2016-04-21 21:18:03', '0000-00-00 00:00:00'),
(481, 'for', 1, 132, '2016-04-21 21:18:03', '0000-00-00 00:00:00'),
(482, 'in', 0, 132, '2016-04-21 21:18:03', '0000-00-00 00:00:00'),
(483, 'approximately', 1, 133, '2016-04-21 21:19:04', '2016-04-21 21:19:48'),
(484, 'briefly', 0, 133, '2016-04-21 21:19:04', '2016-04-21 21:19:48'),
(485, 'rapidly', 0, 133, '2016-04-21 21:19:04', '2016-04-21 21:19:48'),
(486, 'unpredictably', 0, 133, '2016-04-21 21:19:04', '2016-04-21 21:19:48'),
(487, 'about', 0, 134, '2016-04-21 21:20:53', '0000-00-00 00:00:00'),
(488, 'for', 1, 134, '2016-04-21 21:20:53', '0000-00-00 00:00:00'),
(489, 'up', 0, 134, '2016-04-21 21:20:53', '0000-00-00 00:00:00'),
(490, 'from', 0, 134, '2016-04-21 21:20:53', '0000-00-00 00:00:00'),
(491, 'cancellation', 0, 135, '2016-04-21 21:22:18', '2016-04-21 21:22:48'),
(492, 'deletion', 0, 135, '2016-04-21 21:22:18', '2016-04-21 21:22:48'),
(493, 'vacancy', 0, 135, '2016-04-21 21:22:18', '2016-04-21 21:22:48'),
(494, 'lack', 1, 135, '2016-04-21 21:22:18', '2016-04-21 21:22:48'),
(495, 'satisfy', 0, 136, '2016-04-21 21:23:43', '0000-00-00 00:00:00'),
(496, 'satisfaction', 1, 136, '2016-04-21 21:23:44', '0000-00-00 00:00:00'),
(497, 'satisfactory', 0, 136, '2016-04-21 21:23:44', '0000-00-00 00:00:00'),
(498, 'satisfactorily', 0, 136, '2016-04-21 21:23:44', '0000-00-00 00:00:00'),
(499, 'openly', 0, 137, '2016-04-21 21:24:32', '0000-00-00 00:00:00'),
(500, 'nearly', 0, 137, '2016-04-21 21:24:32', '0000-00-00 00:00:00'),
(501, 'urgently', 0, 137, '2016-04-21 21:24:32', '0000-00-00 00:00:00'),
(502, 'shortly', 1, 137, '2016-04-21 21:24:32', '0000-00-00 00:00:00'),
(503, 'well', 1, 138, '2016-04-21 21:26:15', '0000-00-00 00:00:00'),
(504, 'quite', 0, 138, '2016-04-21 21:26:15', '0000-00-00 00:00:00'),
(505, 'many', 0, 138, '2016-04-21 21:26:15', '0000-00-00 00:00:00'),
(506, 'some', 0, 138, '2016-04-21 21:26:15', '0000-00-00 00:00:00'),
(507, 'they', 0, 139, '2016-04-21 21:26:51', '0000-00-00 00:00:00'),
(508, 'them', 0, 139, '2016-04-21 21:26:52', '0000-00-00 00:00:00'),
(509, 'their', 0, 139, '2016-04-21 21:26:52', '0000-00-00 00:00:00'),
(510, 'themselves', 1, 139, '2016-04-21 21:26:52', '0000-00-00 00:00:00'),
(511, 'restart', 0, 140, '2016-04-21 21:27:42', '0000-00-00 00:00:00'),
(512, 'regain', 0, 140, '2016-04-21 21:27:43', '0000-00-00 00:00:00'),
(513, 'restore', 1, 140, '2016-04-21 21:27:43', '0000-00-00 00:00:00'),
(514, 'replace', 0, 140, '2016-04-21 21:27:43', '0000-00-00 00:00:00'),
(515, 'effect', 0, 141, '2016-04-21 21:28:47', '0000-00-00 00:00:00'),
(516, 'effective', 0, 141, '2016-04-21 21:28:47', '0000-00-00 00:00:00'),
(517, 'effectively', 1, 141, '2016-04-21 21:28:47', '0000-00-00 00:00:00'),
(518, 'effectiveness', 0, 141, '2016-04-21 21:28:47', '0000-00-00 00:00:00'),
(519, 'then', 0, 142, '2016-04-21 21:29:34', '0000-00-00 00:00:00'),
(520, 'what', 0, 142, '2016-04-21 21:29:34', '0000-00-00 00:00:00'),
(521, 'when', 0, 142, '2016-04-21 21:29:34', '0000-00-00 00:00:00'),
(522, 'that', 1, 142, '2016-04-21 21:29:34', '0000-00-00 00:00:00'),
(523, 'jointly', 0, 143, '2016-04-21 21:37:24', '0000-00-00 00:00:00'),
(524, 'diversely', 0, 143, '2016-04-21 21:37:24', '0000-00-00 00:00:00'),
(525, 'separately', 1, 143, '2016-04-21 21:37:24', '0000-00-00 00:00:00'),
(526, 'partially', 0, 143, '2016-04-21 21:37:24', '0000-00-00 00:00:00'),
(531, 'she', 0, 145, '2016-04-21 21:41:11', '0000-00-00 00:00:00'),
(532, 'her', 1, 145, '2016-04-21 21:41:11', '0000-00-00 00:00:00'),
(533, 'herself', 0, 145, '2016-04-21 21:41:11', '0000-00-00 00:00:00'),
(534, 'hers', 0, 145, '2016-04-21 21:41:11', '0000-00-00 00:00:00'),
(535, 'postponed', 0, 146, '2016-04-21 21:42:14', '0000-00-00 00:00:00'),
(536, 'expected', 1, 146, '2016-04-21 21:42:14', '0000-00-00 00:00:00'),
(537, 'scheduled', 0, 146, '2016-04-21 21:42:14', '0000-00-00 00:00:00'),
(538, 'continued', 0, 146, '2016-04-21 21:42:14', '0000-00-00 00:00:00'),
(539, 'known', 0, 147, '2016-04-21 21:43:18', '0000-00-00 00:00:00'),
(540, 'knowingly', 1, 147, '2016-04-21 21:43:18', '0000-00-00 00:00:00'),
(541, 'knowledge', 0, 147, '2016-04-21 21:43:18', '0000-00-00 00:00:00'),
(542, 'knowledgeable', 0, 147, '2016-04-21 21:43:18', '0000-00-00 00:00:00'),
(543, 'of', 0, 148, '2016-04-21 21:44:21', '2016-04-21 21:44:27'),
(544, 'within', 0, 148, '2016-04-21 21:44:21', '2016-04-21 21:44:28'),
(545, 'bet ween', 0, 148, '2016-04-21 21:44:21', '2016-04-21 21:44:28'),
(546, 'out', 1, 148, '2016-04-21 21:44:22', '2016-04-21 21:44:28'),
(547, 'developers', 1, 149, '2016-04-21 21:45:42', '2016-04-21 21:49:34'),
(548, 'development', 0, 149, '2016-04-21 21:45:42', '2016-04-21 21:49:34'),
(549, 'developed', 0, 149, '2016-04-21 21:45:42', '2016-04-21 21:49:34'),
(550, 'develops', 0, 149, '2016-04-21 21:45:42', '2016-04-21 21:49:34'),
(551, 'pleasant', 1, 150, '2016-04-21 21:47:02', '2016-04-21 21:49:28'),
(552, 'tender', 0, 150, '2016-04-21 21:47:02', '2016-04-21 21:49:29'),
(553, 'confident', 0, 150, '2016-04-21 21:47:02', '2016-04-21 21:49:29'),
(554, 'fragile', 0, 150, '2016-04-21 21:47:02', '2016-04-21 21:49:29'),
(555, 'distract', 0, 151, '2016-04-21 21:49:23', '0000-00-00 00:00:00'),
(556, 'distraction', 0, 151, '2016-04-21 21:49:23', '0000-00-00 00:00:00'),
(557, 'distractedly', 0, 151, '2016-04-21 21:49:23', '0000-00-00 00:00:00'),
(558, 'distracting', 1, 151, '2016-04-21 21:49:23', '0000-00-00 00:00:00'),
(559, 'progress', 0, 152, '2016-04-21 21:50:46', '0000-00-00 00:00:00'),
(560, 'approval', 0, 152, '2016-04-21 21:50:46', '0000-00-00 00:00:00'),
(561, 'celebration', 1, 152, '2016-04-21 21:50:46', '0000-00-00 00:00:00'),
(562, 'encouragement', 0, 152, '2016-04-21 21:50:47', '0000-00-00 00:00:00'),
(563, 'goes', 1, 153, '2016-04-21 21:52:25', '0000-00-00 00:00:00'),
(564, 'to go', 0, 153, '2016-04-21 21:52:25', '0000-00-00 00:00:00'),
(565, 'was going', 0, 153, '2016-04-21 21:52:25', '0000-00-00 00:00:00'),
(566, 'going', 0, 153, '2016-04-21 21:52:25', '0000-00-00 00:00:00'),
(567, 'skilled', 0, 154, '2016-04-21 21:53:25', '2016-04-21 21:53:32'),
(568, 'earnest', 0, 154, '2016-04-21 21:53:25', '2016-04-21 21:53:32'),
(569, 'tactful', 0, 154, '2016-04-21 21:53:25', '2016-04-21 21:53:32'),
(570, 'reliable', 1, 154, '2016-04-21 21:53:25', '2016-04-21 21:53:32'),
(571, 'Competition', 1, 155, '2016-04-21 21:54:28', '0000-00-00 00:00:00'),
(572, 'Competitor', 0, 155, '2016-04-21 21:54:28', '0000-00-00 00:00:00'),
(573, 'Competitive', 0, 155, '2016-04-21 21:54:28', '0000-00-00 00:00:00'),
(574, 'Compete', 0, 155, '2016-04-21 21:54:28', '0000-00-00 00:00:00'),
(575, 'According to', 1, 156, '2016-04-21 21:56:16', '0000-00-00 00:00:00'),
(576, 'Nevertheless', 0, 156, '2016-04-21 21:56:16', '0000-00-00 00:00:00'),
(577, 'Even though', 0, 156, '2016-04-21 21:56:16', '0000-00-00 00:00:00'),
(578, 'As if', 0, 156, '2016-04-21 21:56:16', '0000-00-00 00:00:00'),
(579, 'signify', 0, 157, '2016-04-21 21:57:49', '0000-00-00 00:00:00'),
(580, 'significant', 1, 157, '2016-04-21 21:57:49', '0000-00-00 00:00:00'),
(581, 'significantly', 0, 157, '2016-04-21 21:57:49', '0000-00-00 00:00:00'),
(582, 'significance', 0, 157, '2016-04-21 21:57:49', '0000-00-00 00:00:00'),
(583, 'emerged', 0, 158, '2016-04-21 22:00:34', '0000-00-00 00:00:00'),
(584, 'engaged', 0, 158, '2016-04-21 22:00:34', '0000-00-00 00:00:00'),
(585, 'revealed', 0, 158, '2016-04-21 22:00:34', '0000-00-00 00:00:00'),
(586, 'reacted', 1, 158, '2016-04-21 22:00:34', '0000-00-00 00:00:00'),
(587, 'convened', 1, 159, '2016-04-21 22:02:15', '0000-00-00 00:00:00'),
(588, 'convenes', 0, 159, '2016-04-21 22:02:15', '0000-00-00 00:00:00'),
(589, 'convening', 0, 159, '2016-04-21 22:02:15', '0000-00-00 00:00:00'),
(590, 'convene', 0, 159, '2016-04-21 22:02:15', '0000-00-00 00:00:00'),
(591, 'definite', 0, 160, '2016-04-21 22:03:18', '0000-00-00 00:00:00'),
(592, 'customary', 0, 160, '2016-04-21 22:03:19', '0000-00-00 00:00:00'),
(593, 'elaborate', 0, 160, '2016-04-21 22:03:19', '0000-00-00 00:00:00'),
(594, 'notable', 1, 160, '2016-04-21 22:03:19', '0000-00-00 00:00:00'),
(595, 'excess', 0, 161, '2016-04-21 22:04:09', '0000-00-00 00:00:00'),
(596, 'excessive', 0, 161, '2016-04-21 22:04:09', '0000-00-00 00:00:00'),
(597, 'excessively', 0, 161, '2016-04-21 22:04:09', '0000-00-00 00:00:00'),
(598, 'excessiveness', 1, 161, '2016-04-21 22:04:09', '0000-00-00 00:00:00'),
(599, 'prior', 0, 162, '2016-04-21 22:05:24', '2016-04-21 22:06:08'),
(600, 'followed', 0, 162, '2016-04-21 22:05:24', '2016-04-21 22:06:08'),
(601, 'past', 0, 162, '2016-04-21 22:05:24', '2016-04-21 22:06:08'),
(602, 'subsequent', 1, 162, '2016-04-21 22:05:24', '2016-04-21 22:06:08'),
(603, 'join', 0, 163, '2016-04-21 22:07:31', '0000-00-00 00:00:00'),
(604, 'joins', 0, 163, '2016-04-21 22:07:31', '0000-00-00 00:00:00'),
(605, 'joined', 1, 163, '2016-04-21 22:07:31', '0000-00-00 00:00:00'),
(606, 'to join', 0, 163, '2016-04-21 22:07:31', '0000-00-00 00:00:00'),
(607, 'oves', 0, 164, '2016-04-21 22:09:36', '0000-00-00 00:00:00'),
(608, 'to', 1, 164, '2016-04-21 22:09:37', '0000-00-00 00:00:00'),
(609, 'about', 0, 164, '2016-04-21 22:09:37', '0000-00-00 00:00:00'),
(610, 'out', 0, 164, '2016-04-21 22:09:37', '0000-00-00 00:00:00'),
(611, 'decrease', 0, 165, '2016-04-21 22:10:11', '0000-00-00 00:00:00'),
(612, 'shape', 0, 165, '2016-04-21 22:10:11', '0000-00-00 00:00:00'),
(613, 'limit', 0, 165, '2016-04-21 22:10:11', '0000-00-00 00:00:00'),
(614, 'wear', 1, 165, '2016-04-21 22:10:11', '0000-00-00 00:00:00'),
(615, 'deliberates', 0, 166, '2016-04-21 22:11:47', '2016-04-21 22:15:56'),
(616, 'deliberate', 1, 166, '2016-04-21 22:11:47', '2016-04-21 22:15:56'),
(617, 'deliberately', 0, 166, '2016-04-21 22:11:47', '2016-04-21 22:15:56'),
(618, 'deliberating', 0, 166, '2016-04-21 22:11:47', '2016-04-21 22:15:56'),
(619, 'order', 0, 167, '2016-04-21 22:14:44', '2016-04-21 22:16:03'),
(620, 'schedule', 0, 167, '2016-04-21 22:14:44', '2016-04-21 22:16:03'),
(621, 'position', 1, 167, '2016-04-21 22:14:45', '2016-04-21 22:16:03'),
(622, 'record', 0, 167, '2016-04-21 22:14:45', '2016-04-21 22:16:03'),
(623, 'somewhat', 0, 168, '2016-04-21 22:15:47', '0000-00-00 00:00:00'),
(624, 'throughout', 1, 168, '2016-04-21 22:15:47', '0000-00-00 00:00:00'),
(625, 'moreover', 0, 168, '2016-04-21 22:15:47', '0000-00-00 00:00:00'),
(626, 'everywhere', 0, 168, '2016-04-21 22:15:47', '0000-00-00 00:00:00'),
(627, 'Intentional', 1, 169, '2016-04-21 22:20:01', '2016-04-21 22:20:08'),
(628, 'marginal', 0, 169, '2016-04-21 22:20:02', '2016-04-21 22:20:08'),
(629, 'key', 0, 169, '2016-04-21 22:20:02', '2016-04-21 22:20:08'),
(630, 'handy', 0, 169, '2016-04-21 22:20:02', '2016-04-21 22:20:09'),
(631, 'save', 0, 170, '2016-04-21 22:21:07', '0000-00-00 00:00:00'),
(632, 'saved', 0, 170, '2016-04-21 22:21:07', '0000-00-00 00:00:00'),
(633, 'savings', 1, 170, '2016-04-21 22:21:07', '0000-00-00 00:00:00'),
(634, 'safety', 0, 170, '2016-04-21 22:21:07', '0000-00-00 00:00:00'),
(635, 'equips', 0, 171, '2016-04-21 22:23:06', '2016-04-21 22:28:44'),
(636, 'supplies', 1, 171, '2016-04-21 22:23:06', '2016-04-21 22:28:44'),
(637, 'qualifies', 0, 171, '2016-04-21 22:23:06', '2016-04-21 22:28:44'),
(638, 'arranges', 0, 171, '2016-04-21 22:23:06', '2016-04-21 22:28:44'),
(647, 'until', 0, 174, '2016-04-21 22:40:25', '0000-00-00 00:00:00'),
(648, 'between', 0, 174, '2016-04-21 22:40:25', '0000-00-00 00:00:00'),
(649, 'within', 1, 174, '2016-04-21 22:40:25', '0000-00-00 00:00:00'),
(650, 'since', 0, 174, '2016-04-21 22:40:25', '0000-00-00 00:00:00'),
(651, 'author', 0, 175, '2016-04-21 22:41:57', '0000-00-00 00:00:00'),
(652, 'advantage', 0, 175, '2016-04-21 22:41:57', '0000-00-00 00:00:00'),
(653, 'option', 1, 175, '2016-04-21 22:41:57', '0000-00-00 00:00:00'),
(654, 'moment', 0, 175, '2016-04-21 22:41:57', '0000-00-00 00:00:00'),
(655, 'Notify', 1, 176, '2016-04-21 22:42:42', '2016-04-21 23:06:00'),
(656, 'Notice', 0, 176, '2016-04-21 22:42:42', '2016-04-21 23:06:00'),
(657, 'Notification', 0, 176, '2016-04-21 22:42:42', '2016-04-21 23:06:00'),
(658, 'Note', 0, 176, '2016-04-21 22:42:42', '2016-04-21 23:06:00'),
(659, 'interview', 0, 177, '2016-04-21 22:49:46', '2016-04-21 23:05:09'),
(660, 'recruiting', 0, 177, '2016-04-21 22:49:46', '2016-04-21 23:05:09'),
(661, 'training', 1, 177, '2016-04-21 22:49:46', '2016-04-21 23:05:10'),
(662, 'application', 0, 177, '2016-04-21 22:49:46', '2016-04-21 23:05:10'),
(663, 'suggestions', 1, 178, '2016-04-21 23:07:05', '0000-00-00 00:00:00'),
(664, 'suggesting', 0, 178, '2016-04-21 23:07:05', '0000-00-00 00:00:00'),
(665, 'to suggest', 0, 178, '2016-04-21 23:07:05', '0000-00-00 00:00:00'),
(666, 'suggested', 0, 178, '2016-04-21 23:07:05', '0000-00-00 00:00:00'),
(667, 'from', 0, 179, '2016-04-21 23:07:49', '0000-00-00 00:00:00'),
(668, 'to', 1, 179, '2016-04-21 23:07:49', '0000-00-00 00:00:00'),
(669, 'at', 0, 179, '2016-04-21 23:07:49', '0000-00-00 00:00:00'),
(670, 'on', 0, 179, '2016-04-21 23:07:49', '0000-00-00 00:00:00'),
(671, 'show', 0, 180, '2016-04-21 23:11:57', '0000-00-00 00:00:00'),
(672, 'investment', 0, 180, '2016-04-21 23:11:57', '0000-00-00 00:00:00'),
(673, 'issue', 1, 180, '2016-04-21 23:11:57', '0000-00-00 00:00:00'),
(674, 'episode', 0, 180, '2016-04-21 23:11:58', '0000-00-00 00:00:00'),
(675, 'would like', 1, 181, '2016-04-21 23:12:33', '2016-04-21 23:13:51'),
(676, 'will like', 0, 181, '2016-04-21 23:12:33', '2016-04-21 23:13:51'),
(677, 'liked', 0, 181, '2016-04-21 23:12:33', '2016-04-21 23:13:51'),
(678, 'have liked', 0, 181, '2016-04-21 23:12:33', '2016-04-21 23:13:51'),
(679, 'talk to', 1, 182, '2016-04-21 23:14:28', '0000-00-00 00:00:00'),
(680, 'present', 0, 182, '2016-04-21 23:14:28', '0000-00-00 00:00:00'),
(681, 'regulate', 0, 182, '2016-04-21 23:14:28', '0000-00-00 00:00:00'),
(682, 'wait for', 0, 182, '2016-04-21 23:14:28', '0000-00-00 00:00:00'),
(683, 'However', 1, 183, '2016-04-21 23:16:42', '0000-00-00 00:00:00'),
(684, 'Therefore', 0, 183, '2016-04-21 23:16:42', '0000-00-00 00:00:00'),
(685, 'Overall', 0, 183, '2016-04-21 23:16:42', '0000-00-00 00:00:00'),
(686, 'Instead', 0, 183, '2016-04-21 23:16:42', '0000-00-00 00:00:00'),
(687, 'would withdraw', 0, 184, '2016-04-21 23:17:33', '0000-00-00 00:00:00'),
(688, 'could withdraw', 0, 184, '2016-04-21 23:17:33', '0000-00-00 00:00:00'),
(689, 'were withdrawn', 0, 184, '2016-04-21 23:17:33', '0000-00-00 00:00:00'),
(690, 'have withdrawn', 1, 184, '2016-04-21 23:17:33', '0000-00-00 00:00:00'),
(691, 'sincerely', 1, 185, '2016-04-21 23:18:42', '0000-00-00 00:00:00'),
(692, 'Sincere', 0, 185, '2016-04-21 23:18:42', '0000-00-00 00:00:00'),
(693, 'Sincerity', 0, 185, '2016-04-21 23:18:42', '0000-00-00 00:00:00'),
(694, 'Most sincere', 0, 185, '2016-04-21 23:18:42', '0000-00-00 00:00:00'),
(695, 'It is closed on weekends', 0, 186, '2016-04-21 23:24:42', '0000-00-00 00:00:00'),
(696, 'It has more than one location,', 1, 186, '2016-04-21 23:24:42', '0000-00-00 00:00:00'),
(697, 'It is opening a new store.', 0, 186, '2016-04-21 23:24:43', '0000-00-00 00:00:00'),
(698, 'It advertises on television.', 0, 186, '2016-04-21 23:24:43', '0000-00-00 00:00:00'),
(699, 'Shoe laces', 0, 187, '2016-04-21 23:25:40', '0000-00-00 00:00:00'),
(700, 'Women''s leather boots', 0, 187, '2016-04-21 23:25:40', '0000-00-00 00:00:00'),
(701, 'Sneakers', 0, 187, '2016-04-21 23:25:40', '0000-00-00 00:00:00'),
(702, 'Bags', 1, 187, '2016-04-21 23:25:40', '0000-00-00 00:00:00'),
(703, 'Community center director', 0, 188, '2016-04-21 23:28:13', '0000-00-00 00:00:00'),
(704, 'Supervisor', 0, 188, '2016-04-21 23:28:13', '0000-00-00 00:00:00'),
(705, 'Receptionist', 1, 188, '2016-04-21 23:28:13', '0000-00-00 00:00:00'),
(706, 'Medical manager', 0, 188, '2016-04-21 23:28:14', '0000-00-00 00:00:00'),
(707, 'Access to an automobile', 0, 189, '2016-04-21 23:29:16', '0000-00-00 00:00:00'),
(708, 'Experience in the field', 1, 189, '2016-04-21 23:29:16', '0000-00-00 00:00:00'),
(709, 'Organizational skills', 0, 189, '2016-04-21 23:29:17', '0000-00-00 00:00:00'),
(710, 'A college degree', 0, 189, '2016-04-21 23:29:17', '0000-00-00 00:00:00'),
(711, 'A store is relocating.', 0, 190, '2016-04-21 23:31:37', '0000-00-00 00:00:00'),
(712, 'A store is going out of business.', 1, 190, '2016-04-21 23:31:38', '0000-00-00 00:00:00'),
(713, 'A manufacturing line has been stopped.', 0, 190, '2016-04-21 23:31:38', '0000-00-00 00:00:00'),
(714, 'A new shipment of merchandise has arrived', 0, 190, '2016-04-21 23:31:38', '0000-00-00 00:00:00'),
(715, 'Handmade tables', 0, 191, '2016-04-21 23:36:25', '0000-00-00 00:00:00'),
(716, 'Reclining chairs', 0, 191, '2016-04-21 23:36:25', '0000-00-00 00:00:00'),
(717, 'Desks', 0, 191, '2016-04-21 23:36:25', '0000-00-00 00:00:00'),
(718, 'Sofa sets', 1, 191, '2016-04-21 23:36:25', '0000-00-00 00:00:00'),
(719, 'A voucher for their next purchases', 1, 192, '2016-04-21 23:37:59', '0000-00-00 00:00:00'),
(720, 'Free delivery', 0, 192, '2016-04-21 23:37:59', '0000-00-00 00:00:00'),
(721, 'A desk lamp', 0, 192, '2016-04-21 23:38:00', '0000-00-00 00:00:00'),
(722, 'An additional 15% discount', 0, 192, '2016-04-21 23:38:00', '0000-00-00 00:00:00');

-- --------------------------------------------------------

--
-- Table structure for table `exam`
--

CREATE TABLE IF NOT EXISTS `exam` (
  `id` int(11) NOT NULL AUTO_INCREMENT,
  `time` varchar(11) COLLATE utf8_unicode_ci NOT NULL,
  `name` varchar(255) COLLATE utf8_unicode_ci NOT NULL,
  `audio` varchar(255) COLLATE utf8_unicode_ci DEFAULT NULL,
  `info` varchar(255) COLLATE utf8_unicode_ci NOT NULL,
  `created` datetime DEFAULT NULL,
  `updated` datetime DEFAULT NULL,
  PRIMARY KEY (`id`)
) ENGINE=InnoDB  DEFAULT CHARSET=utf8 COLLATE=utf8_unicode_ci AUTO_INCREMENT=19 ;

--
-- Dumping data for table `exam`
--

INSERT INTO `exam` (`id`, `time`, `name`, `audio`, `info`, `created`, `updated`) VALUES
(18, '2009', 'Đề 3', '03.mp3', 'Chưa xác định', '2016-04-21 14:31:21', NULL);

-- --------------------------------------------------------

--
-- Table structure for table `false_statements`
--

CREATE TABLE IF NOT EXISTS `false_statements` (
  `user_id` int(11) NOT NULL,
  `question_id` int(11) NOT NULL,
  PRIMARY KEY (`user_id`,`question_id`)
) ENGINE=InnoDB DEFAULT CHARSET=latin1;

-- --------------------------------------------------------

--
-- Table structure for table `group`
--

CREATE TABLE IF NOT EXISTS `group` (
  `id` int(11) NOT NULL AUTO_INCREMENT,
  `name` varchar(255) CHARACTER SET utf8 COLLATE utf8_unicode_ci NOT NULL,
  `created` datetime NOT NULL,
  `updated` datetime NOT NULL,
  PRIMARY KEY (`id`)
) ENGINE=InnoDB  DEFAULT CHARSET=latin1 AUTO_INCREMENT=8 ;

--
-- Dumping data for table `group`
--

INSERT INTO `group` (`id`, `name`, `created`, `updated`) VALUES
(1, 'Listening Photographs', '2016-03-14 00:00:00', '2016-04-21 13:46:05'),
(2, 'Listening Question – Response', '2016-03-14 23:06:10', '2016-04-21 13:45:59'),
(3, 'Listening Short Conversations', '2016-03-14 23:06:32', '0000-00-00 00:00:00'),
(4, 'Listening Short Talks', '2016-03-14 23:07:13', '0000-00-00 00:00:00'),
(5, 'Reading Incomplete Sentences', '2016-03-14 23:07:34', '2016-03-14 23:09:03'),
(6, 'Reading Incomplete Text', '2016-03-14 23:07:53', '2016-03-14 23:09:16'),
(7, 'Reading Comprehension', '2016-03-14 23:08:12', '0000-00-00 00:00:00');

-- --------------------------------------------------------

--
-- Table structure for table `long_question`
--

CREATE TABLE IF NOT EXISTS `long_question` (
  `id` int(11) NOT NULL AUTO_INCREMENT,
  `long_content` varchar(10000) CHARACTER SET utf8 COLLATE utf8_unicode_ci DEFAULT NULL,
  `group_id` int(11) NOT NULL,
  `exam_id` int(11) DEFAULT NULL,
  `long_audio` varchar(255) CHARACTER SET utf8 COLLATE utf8_unicode_ci DEFAULT NULL,
  PRIMARY KEY (`id`),
  KEY `group_id` (`group_id`)
) ENGINE=InnoDB  DEFAULT CHARSET=latin1 AUTO_INCREMENT=44 ;

--
-- Dumping data for table `long_question`
--

INSERT INTO `long_question` (`id`, `long_content`, `group_id`, `exam_id`, `long_audio`) VALUES
(1, '<p>M: Pardon me, it looks like it&rsquo;s going to&nbsp;rain&nbsp; today&nbsp; and&nbsp; I&nbsp; didn&rsquo;t&nbsp; Ering&nbsp; an&nbsp;umbrella with me. Is there anywhere&nbsp;in this&nbsp;hotel where I might be able to&nbsp;buy one?</p>\r\n\r\n<p>W: Yes, there&rsquo;s a gift shop located in the&nbsp;lobby which opens at 8:00.</p>\r\n\r\n<p>M: Perfect! I can get some breakfast and&nbsp;stop by the gift shop before my tour bus&nbsp;leaves. Thanks for your help.</p>\r\n\r\n<p>W: No problem, enjoy the rest of yourstay, sir!</p>\r\n', 3, 18, 'cau41-43_test3.mp3'),
(18, '<p>W: Hey, Jackie, I&rsquo;ve Eeen looking for&nbsp;the file on the company merger,&nbsp;have you seen it?</p>\r\n\r\n<p>M: No, Tasha. Not today. Did you check&nbsp;with Johnny? He most likely knows where&nbsp;it is.</p>\r\n\r\n<p>W: Johnny&rsquo;s on vacation this week, and&nbsp;I can&rsquo;t get in contact with him. Are&nbsp;you sure you don&rsquo;t know where it might&nbsp;be? I was told you were one of the last&nbsp;people to see it.</p>\r\n\r\n<p>M: I&rsquo;ll go check and see if it&rsquo;s in my&nbsp;office, it might still be there from the&nbsp;last meeting on Wednesday.</p>\r\n', 3, 18, 'cau44-46_test3.mp3'),
(19, '<p>W: Hey, there&rsquo;s a concert Eeing held&nbsp;at the town hall tonight. Would&nbsp;you be interested in some free&nbsp;tickets?</p>\r\n\r\n<p>M: Sure, I had nothing else to do and&nbsp;didn&rsquo;t&nbsp;&nbsp; want&nbsp;&nbsp; to&nbsp;&nbsp; head&nbsp; home&nbsp; yet&nbsp;anyways. Who&rsquo;s performing&nbsp;tonight?</p>\r\n\r\n<p>W:The Glenfalls Universitysymphony orchestra and choir.&nbsp;It&rsquo;s their annual concert and they&nbsp;are very talented. It&rsquo;ll be a great&nbsp;show!</p>\r\n\r\n<p>M: That sounds great! I&rsquo;ll take two tickets,&nbsp;one for me and one for my friend. Thanks!</p>\r\n', 3, 18, 'cau47-49_test3.mp3'),
(20, '<p>W: How was the orientation for the new&nbsp;managers last week?</p>\r\n\r\n<p>M:&nbsp; I&nbsp; thought&nbsp; it&nbsp; was&nbsp; informative. &nbsp;I&rsquo;m&nbsp;relieved&nbsp;&nbsp;&nbsp; that&nbsp;&nbsp;&nbsp; they&nbsp;&nbsp; held&nbsp;&nbsp; an&nbsp;orientation like that for less experienced&nbsp;managers like us I foundthe part about how to manage regional&nbsp;sales&nbsp; and&nbsp; conducting job interviews&nbsp;most&nbsp; helpful&nbsp; and&nbsp; interesting.&nbsp; What&nbsp;about you?</p>\r\n\r\n<p>W: I thought it was good, but a little too&nbsp;long. &nbsp;I&nbsp; almost&nbsp; fell&nbsp; asleep,&nbsp; they&nbsp;could have made it much more brief&nbsp;and to the point.&nbsp;M: That&rsquo;s true. I missed a meeting with&nbsp;my clients because it ended much later&nbsp;than I anticipated.</p>\r\n', 3, 18, 'cau50-52_test3.mp3'),
(21, '<p>M: Hi, I have a reservation for a party of&nbsp;six&nbsp; under&nbsp; the&nbsp; name Timberlake. Is&nbsp;everything all set?</p>\r\n\r\n<p>W: Hmm, let me check. I don&rsquo;t see any&nbsp;reservations&nbsp; on&nbsp; the&nbsp; list&nbsp; at&nbsp; the&nbsp;moment.We usually don&rsquo;t make&nbsp;reservations for groups less than 10.</p>\r\n\r\n<p>M: That&rsquo;s strange. The person I spoke to&nbsp;last week told me that I would be&nbsp;able to make a reservation for six at&nbsp;1:00 p.m. We&rsquo;re meeting with a&nbsp;very&nbsp;&nbsp; important&nbsp;&nbsp; client.&nbsp;&nbsp; Is&nbsp;&nbsp; there&nbsp;anything you can do for me?</p>\r\n\r\n<p>W: I think we should be able to arrange&nbsp;a taEle of six for you. If you don&rsquo;t&nbsp;mind waiting a few minutes, I&rsquo;ll go&nbsp;set that up for you.One moment,please.</p>\r\n', 3, 18, 'cau53-55_test3.mp3'),
(22, '<p>W1: Ms. Alba? This is Megan Fox from&nbsp;Scan furniture. I am calling to try&nbsp;and set up a delivery time for a&nbsp;couch that you ordered.</p>\r\n\r\n<p>W2: Oh, hi! That&rsquo;s great. I&rsquo;m having a&nbsp;party at home this weekend and I&rsquo;d&nbsp;really like to have the couches in by&nbsp;then. Do&nbsp;you need a final payment&nbsp;before the delivery?</p>\r\n\r\n<p>W1: Well, you don&rsquo;t need to make the&nbsp;payment yet because your order is not&nbsp;complete. I&rsquo;m very sorry, Eut we&rsquo;ll&nbsp;only be able to deliver the large&nbsp;couch at this time. The love seat&nbsp;is not ready and won&rsquo;t Ee delivered&nbsp;until next week.(58)</p>\r\n\r\n<p>W2: That&rsquo;s not a big problem because I&nbsp;need a large one for the party now.&nbsp;Can you deliver them separately?</p>\r\n', 3, 18, 'cau56-58-test3.mp3'),
(23, '<p>W:&nbsp;&nbsp; Have&nbsp;&nbsp; you&nbsp; seen&nbsp; Mr.&nbsp; Sandler?&nbsp; I&nbsp;received an e-mail from him saying&nbsp;that he would stop by my office at 11&nbsp;o&rsquo;clock so we could discuss the company&rsquo;s&nbsp; Eudget&nbsp; for&nbsp; the upcoming&nbsp;year, but he never showed up.</p>\r\n\r\n<p>M: I know he had a meeting at 10 o&rsquo;clock.&nbsp;Perhaps he hasn&rsquo;t finished yet. Why&nbsp;don&rsquo;t you try reaching him on his&nbsp;cell phone?&nbsp;W: I did(60), but it goes straight to his&nbsp;voicemail. If you get in touch with&nbsp;him, can you tell him that I&rsquo;m free&nbsp;until 2 o&rsquo;clock to discuss the Eudget&nbsp;with him? After that, I&rsquo;ll Ee Eusy at&nbsp;the&nbsp;&nbsp;&nbsp; board&nbsp;&nbsp;&nbsp; meeting&nbsp;&nbsp; for&nbsp;&nbsp; the&nbsp;remainder of the day.</p>\r\n\r\n<p>M: Sure, I&rsquo;ll let him know as soon as I&nbsp;can contact him.&nbsp;</p>\r\n', 3, 18, 'cau59-61_test3.mp3'),
(24, '<p>M: Hi, is the bank open on weekends?&nbsp;If so, what are your hours?</p>\r\n\r\n<p>W:&nbsp; We&rsquo;re&nbsp; closed&nbsp; on&nbsp; Sundays,&nbsp; but on&nbsp;Saturdays we&rsquo;re open from 9 a.m. to&nbsp;noon.&nbsp;&nbsp; If&nbsp;&nbsp; you&nbsp;&nbsp; plan&nbsp;&nbsp; to&nbsp;&nbsp; come&nbsp;&nbsp; on&nbsp;Saturday, I&rsquo;d suggest you come as&nbsp;e arly as possible, as it gets pretty&nbsp;busy right before we close.</p>\r\n\r\n<p>M: Oh, okay, I&rsquo;d like to open up a new&nbsp;bank&nbsp;&nbsp;&nbsp; account.&nbsp;&nbsp;&nbsp; Do&nbsp;&nbsp;&nbsp; you&nbsp;&nbsp; know&nbsp;approximately&nbsp; how&nbsp; long&nbsp; this&nbsp; might&nbsp;take?</p>\r\n\r\n<p>W: It should take no longer than half an&nbsp;hour. If you download the application&nbsp;form on our website, and fill it out&nbsp;Eefore you&nbsp;come in, It&rsquo;ll save you a lot of&nbsp;time. Also, don&rsquo;t forget to bring two&nbsp;forms of valid identification.</p>\r\n', 3, 18, 'cau62-64_test3.mp3'),
(25, '<p>W:&nbsp; Hey, &nbsp;I&rsquo;ve&nbsp; just&nbsp; found&nbsp; out&nbsp; that &nbsp;there&rsquo;s a staff meeting on Tuesday at 11 o&rsquo;clock. Did you know about that?</p>\r\n\r\n<p>M:&nbsp; Yeah,&nbsp; nobody&nbsp; told&nbsp; you? &nbsp;We&rsquo;re&nbsp;going to analyze the sales report&nbsp;and meet the new general manager&nbsp;at the end of the meeting.(66) He&#39;ll&nbsp;be officially starting on Monday.</p>\r\n\r\n<p>W: Well, I wish I had known about the meeting, I have an important&nbsp;conference call with a client Tuesday&nbsp;morning So,&nbsp;I don&#39;t know if I can&nbsp;make it by 11.</p>\r\n\r\n<p>M: It shouldn&rsquo;t be a problem. Just make&nbsp;sure to let everyone know in advance that&nbsp;you&rsquo;ll be running late. If you can get there&nbsp;by 11:30, you probably won&rsquo;t miss too&nbsp;much.</p>\r\n', 3, 18, 'cau65-67_test3.mp3'),
(26, '<p>W: Hey, Lenny. Do you have any time to&nbsp;go&nbsp; over&nbsp; the&nbsp; quarterly&nbsp; income&nbsp; and&nbsp;expenditure&nbsp; report?The&nbsp; financial&nbsp;review meeting is next week and I&rsquo;d like&nbsp;to make sure everything is okay.</p>\r\n\r\n<p>M: Sorry, but not right now. I have to go&nbsp;to a scheduled doctor&rsquo;s appointment in&nbsp;a minute but we can go over it first&nbsp;thing tomorrow, if you still like.</p>\r\n\r\n<p>W: I&rsquo;m going to be out of the office all&nbsp;day tomorrow, meeting with a client. Can&nbsp;I send you a copy of the report to your email? If you can look over it whenever&nbsp;you have any time, I&rsquo;d greatly appreciate&nbsp;it.</p>\r\n\r\n<p>M: Sure, no problem. I&rsquo;ll read it&nbsp;tomorrow and if you&rsquo;d still like to talk&nbsp;about it, we can set up some time to&nbsp;discuss it later this week.</p>\r\n', 3, 18, 'cau68-70_test3.mp3'),
(27, '<p>Good afternoon. This message is for Ms.&nbsp;Lucy Spartan. Ms. Spartan, this is Ron&nbsp;Cannon from the reception desk at Dr.&nbsp;Asaad&rsquo;s office I&rsquo;m calling to remind&nbsp;you of your monthly checkup on the 17th&nbsp;of DecemEer at 3 o&rsquo;clock. The&nbsp;appointment should take approximately an&nbsp;hour, so please remember to clear your&nbsp;schedule for that time period. I&rsquo;d&nbsp;also like&nbsp;to remind you, since this is your first&nbsp;appointment, please make sure to come&nbsp;in 15 minutes early in order to complete&nbsp;some paperwork If you have any&nbsp;conflicts with the appointment date, please&nbsp;make sure to call us 24 hours in&nbsp;advance.&nbsp;Thank you and have a great day.</p>\r\n', 4, 18, 'cau71-73_test3.mp3'),
(28, '<p>Are you sick and tired of all the high-calorie, non- healthy beverages? Areyou searching for a healthy alternative&nbsp;to better your lifestyle? Well, look no&nbsp;further than Vitamin Splash, a new&nbsp;health conscious beverage&nbsp;brought&nbsp;to&nbsp;&nbsp;you&nbsp;by&nbsp;the&nbsp;Glacier&nbsp;Company&nbsp;This wholesome drink is packed with&nbsp;vitamins, protein and 20% real fruit&nbsp;juice. It is also packaged in&nbsp;a&nbsp;sports bottle, which makes it easy to&nbsp;carry, while exercising or wherever&nbsp;you may be. Vitamin Splash can be&nbsp;enjoyed with a meal, or even served&nbsp;as&nbsp;a&nbsp; nutritious&nbsp; snack&nbsp;Vitamin&nbsp;Splash&nbsp;is&nbsp;the&nbsp;smart&nbsp; and&nbsp; delicious&nbsp;choice for&nbsp;anyone.&nbsp;Look for it now at&nbsp;your local supermarket.</p>\r\n', 4, 18, 'cau74-76_test3.mp3'),
(29, '<p>Hello, my name is Sally Cinado, a sales&nbsp;representative here at TNT Technologies.&nbsp;Firstly, I&rsquo;d like to thank you all for coming&nbsp;today so that I can inform you on our&nbsp;outstanding products. As you already&nbsp;know, TNT is the world&rsquo;s second largest&nbsp;manufacturer of computers and is&nbsp;known for our excellent after-sales service.&nbsp;This year, we won the best customer&nbsp;service award from the Consumer Guide&nbsp;Magazine for our excellent customer&nbsp;support. Before I move on, I&rsquo;d like to&nbsp;ask each and every one of you a few&nbsp;questions in order to get an idea of how&nbsp;we can Eest meet the consumer&rsquo;s needs&nbsp;and expectations</p>\r\n', 4, 18, 'cau77-79_test3.mp3'),
(30, '<p>Good morning. Shawn. This is Clara&nbsp;Johnson. I&rsquo;m calling to inform you that&nbsp;we have found an apartment that,&nbsp;based on our phone conversation last&nbsp;week, meets most of your needs. It is a&nbsp;three-bedroom apartment with a spacious&nbsp;kitchen and living room. Unfortunately,&nbsp;the train station is not within walking&nbsp;distance, but it has an incredible view of&nbsp;the park.The rent is 1,000 dollars a&nbsp;month and if you are interested, please let&nbsp;me know as soon as possible so I can talk&nbsp;to the landlord to ask if we can take a look&nbsp;around. Please call me back on my cell&nbsp;phone, as I will not be at the office.&nbsp;Have a great day Shawn, and hope to hear&nbsp;from you soon.</p>\r\n', 4, 18, 'cau80-82_test3.mp3'),
(31, '<p>Hello, Mr. Hanks. This is Michael Bay&nbsp;calling from Paris. I&rsquo;m calling to let&nbsp;you know that we are having many&nbsp;difficulties here at the factory and by&nbsp;the looks of it we&rsquo;re going to need to&nbsp;stay &nbsp;here&nbsp; one&nbsp; more&nbsp; day.&nbsp; An&nbsp;important piece of machinery has been&nbsp;damaged and the materials that I&rsquo;ve&nbsp;sent&nbsp; from&nbsp; London should have beenmarrived in the morning. The mechanic&nbsp;told me that the machine should be up&nbsp;and running by this afternoon, so we&rsquo;ll&nbsp;start&nbsp;&nbsp; with&nbsp;&nbsp; the&nbsp; product&nbsp; trial&nbsp; shortly&nbsp;thereafter. &nbsp;I&rsquo;ll&nbsp; Ee&nbsp; flying&nbsp; back&nbsp; to&nbsp;London&nbsp;&nbsp; tomorrow&nbsp; morning,&nbsp; so&nbsp;we&#39;ll discuss the issues furthermore at&nbsp;tomorrow afternoon&rsquo;s meeting. See you&nbsp;soon.</p>\r\n', 4, 18, 'cau83-85_test3.mp3'),
(32, '<p>Good evening, ladies and gentlemen.&nbsp;Welcome to the grand opening of the&nbsp;National Space Museum(86). At this</p>\r\n\r\n<p>time,I&rsquo;d&nbsp;like&nbsp;to&nbsp;start&nbsp;off&nbsp;Ey&nbsp;expressing our heartfelt gratitude to&nbsp;a few individuals for their financial&nbsp;support of the museum.&nbsp;Without&nbsp;them, none of this would be possible.&nbsp;First of all, thank you to the Cherman&nbsp;Foundation for all of their support in&nbsp;funding the construction of the museum&nbsp;and to Mr. Leonardo Walken, who&rsquo;s&nbsp;sponsoring&nbsp;the&nbsp;photography&nbsp;&nbsp; exhibit,&nbsp;&ldquo;Scenes&nbsp;from&nbsp;outer&nbsp;space&rdquo;,&nbsp;which&nbsp;features telescopic photos and is our&nbsp;first&nbsp; major&nbsp; exhibit. &nbsp;I would like to&nbsp;invite all of you to join me at the&nbsp;reception,&nbsp;which&nbsp;will&nbsp;start&nbsp;at&nbsp;9&nbsp;o&rsquo;clock in the Grand Hall room(88).&nbsp;Refreshments will be provided. Thank&nbsp;you for coming and enjoy the rest of the&nbsp;evening.</p>\r\n', 4, 18, 'cau86-88_test3.mp3'),
(33, '<p>Good&nbsp; morning,&nbsp; everyone. &nbsp;Before&nbsp; we&nbsp;start, I&rsquo;d like to introduce everyone to&nbsp;our&nbsp;&nbsp; new&nbsp;&nbsp; senior&nbsp;&nbsp; editor,&nbsp;&nbsp; Sharon&nbsp;Hunter. Before joining our company,&nbsp;she worked at the &nbsp;San Diego Times,&nbsp;where she has spent many years as a&nbsp;staff&nbsp;&nbsp; writer&nbsp;&nbsp; and&nbsp;&nbsp; editor.&nbsp;&nbsp; We&rsquo;re&nbsp;delighted to have her as part of our staff&nbsp;here at the Boston Post. Our staff here is&nbsp;wonderful and I&rsquo;m sure you&rsquo;ll fit right in,&nbsp;Ms. Hunter. The only thing you might&nbsp;find unpleasant is the weather. You&nbsp;may feel a little colder compared to&nbsp;the sunny west coast, which you are used&nbsp;to. Nevertheless, everyone, give a warm&nbsp;round of applause to Sharon. Welcome to&nbsp;the Boston Post team!</p>\r\n', 4, 18, 'cau89-91_test3.mp3'),
(34, '<p>Well, before the next shift starts, I&rsquo;d like&nbsp;to make an announcement. The security&nbsp;department has asked me to remind&nbsp;the managers in the kitchen, bath, and&nbsp;flooring departments to perform a&nbsp;mandatory safety check by the end of&nbsp;today&rsquo;s shift.The security department&nbsp;has provided a checklist, which should be&nbsp;filled out and turned in to Room 103 by 7&nbsp;p.m.&nbsp; today.&nbsp; Our&nbsp; goal&nbsp; is&nbsp; to&nbsp; keep&nbsp; our&nbsp;customers satisfied and safe while they&nbsp;shop&nbsp;&nbsp; for&nbsp;&nbsp; their&nbsp;&nbsp; building&nbsp;&nbsp; and&nbsp;&nbsp; home&nbsp;improvement needs in our shop. If you&nbsp;have any questions or concerns, you can&nbsp;reach me on line 1, extension 3 anytime&nbsp;during&nbsp; your shift. Thank you for your&nbsp;time.</p>\r\n', 4, 18, 'cau92-94_test3.mp3'),
(35, '<p>Today&rsquo;s top news is the extreme winter&nbsp;weather. The temperatures are so cold that&nbsp;the city water system has been damaged.&nbsp;Numerous water mains have broken due &nbsp;to the freezing temperatures. Southern&nbsp;Road has had the most damage in town&nbsp;and has been closed to all traffic. All&nbsp;motorists traveling towards that&nbsp;direction will need to find a detour.&nbsp;Bill Road and 7th Street may both be used&nbsp;for detours until Southern Road is&nbsp;reopened. We won&rsquo;t be seeing any relief&nbsp;from this harsh weather anytime soon, as&nbsp;conditions and temperatures are expected&nbsp;to be the same until Thursday. The&nbsp;temperatures will reach a peak low on&nbsp;Friday. Please use caution when&nbsp;traveling and stay warm. And now over to&nbsp;James Calder for a look a today&rsquo;s business&nbsp;and financial news.</p>\r\n', 4, 18, 'cau95-97_test3.mp3'),
(36, '<p>Hello, join us on today&rsquo;s broadcast of&nbsp;&ldquo;Arts and Times&rdquo;. I&rsquo;m your radio host,&nbsp;Mariah Carni, here to provide you with&nbsp;some highlights for today&#39;s upcoming&nbsp;program after the 5 o&rsquo;clock news. Dr.&nbsp;Alanzo Fonsworth, a professor at NYU&rsquo;s&nbsp;art school, joins us today discussing the&nbsp;new sculptures placed in various parks&nbsp;across the city as part of the Art in Public&nbsp;Places initiative. We also have Melissa&nbsp;Colan, music director of the National&nbsp;Symphony joining us on today&rsquo;s&nbsp;broadcast. Ms. Colan will tell us about&nbsp;the upcoming events and activities planned&nbsp;for the orchestra this season. Be sure to&nbsp;stay tuned to find out what&rsquo;s going on in&nbsp;the world of art and music on &ldquo;Arts and&nbsp;Times&rdquo; right after this news update.</p>\r\n', 4, 18, 'cau98-100_test3.mp3'),
(37, '<p>From: yolanda@samsmusic.com</p>\r\n\r\n<p>To: bobby_hughes@hotmail.com Subject: Re: Special Request</p>\r\n\r\n<p>Dear Mr. Hughes,</p>\r\n\r\n<p>As a follow-up to your e-mail of March 14, I am very sorry to tell you that the CD you are interested in purchasing is not currently available through Sam&#39;s Music. However, we are&nbsp;able to order this CD directly from the distributor, and are able to have it in stock ___ the&nbsp;next few days.&nbsp;If this ___ works for you, kindly respond to this message and provide a contact number&nbsp;where you can be reached.Sam&#39;s Music will ___ you when the product is available for pick-up.&nbsp;</p>\r\n\r\n<p>Thank you for your continued patronage of Sam&#39;s Music! Sincerely,</p>\r\n\r\n<p>Yolanda Burns</p>\r\n\r\n<p>Sam&#39;s Music Customer Relations</p>\r\n\r\n<p>&nbsp;</p>\r\n', 6, 18, NULL),
(38, '<p>To: All Media Line Human Resources Staff From: Janet Forsythe, District Manager&nbsp;<br />\r\nSubject: Media Line Incorporated Orientation Program&nbsp;</p>\r\n\r\n<p>It is my pleasure to invite you to participate in our orientation program, offered exclusively to new employees. This program has been established to improve the ___ process. Recently hired employees will be matched with a senior staff member with whom they will meet regularly during their first few months in order for senior staff members to offer instruction, mentorship and ___. By volunteering for the orientation, you will be providing necessary guidance ___ your new colleagues.&nbsp;</p>\r\n\r\n<p>All employees willing to participate in the orientation program as a senior staff member must contact me at jforsythe@medialine.com.&nbsp;</p>\r\n\r\n<p>&nbsp;</p>\r\n', 6, 18, NULL),
(39, '<p>Dear Mr. Sanchez,</p>\r\n\r\n<p>My name is Francis Arbuckle. I am the publisher of an information technology magazine</p>\r\n\r\n<p>called <em>Today&#39;s Computer. </em>We are currently planning on putting out our next ___ , which will&nbsp;focus on the use of robots in modern industry.&nbsp;</p>\r\n\r\n<p>We ___ to interview a successful modern industrial executive such as yourself. If you areinterested and willing to ___&nbsp;us over the next couple of weeks, please phone me at 878-993-2424.</p>\r\n\r\n<p>We eagerly await your call. Regards,</p>\r\n\r\n<p>Francis Arbuckle Publisher</p>\r\n\r\n<p><em>Today&#39;s Computer Magazine</em></p>\r\n', 6, 18, NULL),
(40, '<p>Marilyn Constance</p>\r\n\r\n<p>23 Meadowvale Parkway, Sussex, England</p>\r\n\r\n<p>United Kingdom</p>\r\n\r\n<p>Re: Account no. ending in XXXXXXXXXXXX8989 February 1</p>\r\n\r\n<p>Dear Marilyn Constance,</p>\r\n\r\n<p>Please accept our apologies for our recent mistake involving your Bank of Cambridge credit card account. On January 15, we issued a temporary credit to your account of an amount which you disputed. ___&nbsp;, afterwards, we accidentally applied additional credit in the same&nbsp;amount to your card.&nbsp;</p>\r\n\r\n<p>In order to solve this problem we ___ the surplus amount. You will notice that this&nbsp;correction will appear on your January statement, which will be sent out tomorrow.&nbsp;We ___ regret any inconvenience this may have created for you. If you have any additional&nbsp;</p>\r\n\r\n<p>concerns or would like to speak to one of our senior managers, please do not hesitate to</p>\r\n\r\n<p>contact us at 1-888-923-3343 during regular business hours. Alternatively, you may visit our<br />\r\nwebsite at <a href="http://www.bankofcambridge.com./">www.bankofcambridge.com.</a></p>\r\n\r\n<p>Sincerely,</p>\r\n\r\n<p>Bank of Cambridge Accounts&nbsp;</p>\r\n', 6, 18, NULL),
(41, '<p>LOCKHEED SPORTS SOURCE</p>\r\n\r\n<p>Enjoy a 20% discount off of specially marked sneakers or boots and take advantage of fifteen percent off of all shoe accessories. This offer is for a limited time only and not valid with other coupons, discounts, promotional offers or on previous purchases. Sale prices do not include women&#39;s bags. This offer is available at all Lockheed Shoe Source stores in the greater Toronto area until August 31.</p>\r\n\r\n<p>Visit our website: <a href="http://www.lockheed.com/">www.lockheed.com</a></p>\r\n\r\n<p>&nbsp;</p>\r\n', 7, 18, NULL),
(42, '<p><strong>Job</strong></p>\r\n\r\n<p>Trenton Family Medical Practice is currently seeking a receptionist for a par;-linle position at our Egtington Street location. Managers are seeking someone who is<br />\r\nenergetic, punctual, and has lived in the Trenton community for several years. A<br />\r\nuniversity degree is not required for this position, but applicants should have some experience working in a health care facility. We offer a competitive salary and<br />\r\nbenefits package. Please send a r&eacute;sum&eacute;, a cover letter and a list of two references<br />\r\nto Marcia Weave, Supervisor at m_weaveldtrentonfamilymedicine.com.</p>\r\n', 7, 18, NULL),
(43, '<p>YorkshireFurniture Established 1936</p>\r\n\r\n<p>342 Sherboume Street</p>\r\n\r\n<p>Oakville, Ontario 978-978-6788</p>\r\n\r\n<p>The region&#39;s most recognizable name in home furnishings is going out of business. Everything in the store is priced to sell. This includes desks, bedroom furniture, reclining chairs, and handcrafted tables. We also have a limited stock of sofa sets at unbelievably low prices. In addition, customers can take advantage of extra sale<br />\r\nprices on all used furniture in stock. Please bear in mind that we only sell handmade furniture.</p>\r\n\r\n<p>If you spend more than $250, we&#39;ll also throw in a desk lamp, absolutely free. (Sorry, this offer does not apply to previous purchases.)</p>\r\n\r\n<p>Remember for the next two weeks only our store hours have been extended from 8:3o a.m. until 8:3o p.m. Don&#39;t miss out on this once-in-a-lifetime offer!</p>\r\n\r\n<p>Please see our advertisement in this weekend&#39;s newspaper for directions to the store.&nbsp;</p>\r\n', 7, 18, NULL);

-- --------------------------------------------------------

--
-- Table structure for table `question`
--

CREATE TABLE IF NOT EXISTS `question` (
  `id` int(11) NOT NULL AUTO_INCREMENT,
  `content` varchar(255) DEFAULT NULL,
  `image` varchar(255) DEFAULT NULL,
  `audio` varchar(255) DEFAULT NULL,
  `level` int(11) DEFAULT NULL,
  `exam_id` int(11) DEFAULT NULL,
  `group_id` int(11) NOT NULL,
  `id_long_question` varchar(255) DEFAULT NULL,
  `created` datetime DEFAULT NULL,
  `updated` datetime DEFAULT NULL,
  PRIMARY KEY (`id`),
  KEY `group_id` (`group_id`)
) ENGINE=InnoDB  DEFAULT CHARSET=latin1 AUTO_INCREMENT=195 ;

--
-- Dumping data for table `question`
--

INSERT INTO `question` (`id`, `content`, `image`, `audio`, `level`, `exam_id`, `group_id`, `id_long_question`, `created`, `updated`) VALUES
(30, 'Listening Photograhs', 'LP_de03_1.png', 'cau1_test3.mp3', 1, 18, 1, NULL, '2016-04-21 14:40:36', NULL),
(31, 'Listening Photographs', 'LP_de03_2.png', 'cau2_test3.mp3', 1, 18, 1, NULL, '2016-04-21 14:43:09', NULL),
(32, 'Listening Photographs', 'LP_de03_3.png', 'cau3_test3.mp3', 1, 18, 1, NULL, '2016-04-21 14:45:03', NULL),
(33, 'Listening Photographs', 'LP_de03_4.png', 'cau4_test3.mp3', 1, 18, 1, NULL, '2016-04-21 14:46:35', '2016-04-21 14:49:38'),
(34, 'Listening Photographs', 'LP_de03_5.png', 'cau5_test3.mp3', 2, 18, 1, NULL, '2016-04-21 14:48:11', '2016-04-21 14:48:19'),
(35, 'Listening Photographs', 'LP_de03_6.png', 'cau6_test3.mp3', 2, 18, 1, NULL, '2016-04-21 14:49:21', '2016-04-21 14:49:29'),
(36, 'Listening Photographs', 'LP_de03_7.png', 'cau7_test3.mp3', 2, 18, 1, NULL, '2016-04-21 14:50:48', '2016-04-21 14:50:58'),
(37, 'Listening Photographs', 'LP_de03_8.png', 'cau8_test3.mp3', 2, 18, 1, NULL, '2016-04-21 14:52:06', NULL),
(38, 'Listening Photographs', 'LP_de03_9.png', 'cau9_test3.mp3', 3, 18, 1, NULL, '2016-04-21 14:53:09', NULL),
(39, 'Listening Photographs', 'LP_de03_10.png', 'cau10_test3.mp3', 3, 18, 1, NULL, '2016-04-21 14:54:42', NULL),
(40, 'Where is Samantha moving?', '', 'cau11_test3.mp3', 1, 18, 2, NULL, '2016-04-21 14:58:35', NULL),
(41, 'How fast can you get here?', '', 'cau12_test3.mp3', 1, 18, 2, NULL, '2016-04-21 14:59:46', '2016-04-21 15:00:13'),
(42, 'Will you be able to finish on time?', '', '', 1, 18, 2, NULL, '2016-04-21 15:01:19', NULL),
(43, 'Can I pay with a credit card?', '', 'cau14_test3.mp3', 1, 18, 2, NULL, '2016-04-21 15:03:06', NULL),
(44, 'How long have you been at this department?', '', 'cau15_test3.mp3', 1, 18, 2, NULL, '2016-04-21 15:04:16', NULL),
(45, 'How much have you been paying for data access costs?', '', 'cau16-test3.mp3', 1, 18, 2, NULL, '2016-04-21 15:05:36', NULL),
(46, 'Who will visit the headquarters tomorrow?', '', 'cau17_test3.mp3', 1, 18, 2, NULL, '2016-04-21 15:06:53', NULL),
(47, 'Would you like a window or an aisle seat?', '', 'cau18_test3.mp3', 1, 18, 2, NULL, '2016-04-21 15:08:23', NULL),
(48, 'Can someone cover my shift this weekend?', '', 'cau19_test3.mp3', 1, 18, 2, NULL, '2016-04-21 15:09:44', NULL),
(49, 'Do you know why it’s so loud upstairs?', '', 'cau20_test3.mp3', 1, 18, 2, NULL, '2016-04-21 15:10:23', NULL),
(50, 'When is the next shipment supposed to leave the warehouse?', '', 'cau21_test3.mp3', 2, 18, 2, NULL, '2016-04-21 15:11:24', '2016-04-21 15:13:06'),
(51, 'I wish I knew a faster way to the shopping center.', '', 'cau22_test3.mp3', 2, 18, 2, NULL, '2016-04-21 15:12:56', NULL),
(52, 'Why was Ms. Owen late for the seminar?', '', 'cau23_test3.mp3', 2, 18, 2, NULL, '2016-04-21 15:14:23', NULL),
(53, 'I’d like to make a reservation for tomorrow night at 7.', '', 'cau24_test3.mp3', 2, 18, 2, NULL, '2016-04-21 15:15:14', NULL),
(54, 'What color do you want the walls to be painted?', '', 'cau25_test3.mp3', 2, 18, 2, NULL, '2016-04-21 15:16:10', NULL),
(55, 'Who should I see about getting a projector?', '', 'cau26_test3.mp3', 2, 18, 2, NULL, '2016-04-21 15:17:58', NULL),
(56, 'His knowledge on the subject is quite impressive, isn’t it?', '', 'cau27_test3.mp3', 2, 18, 2, NULL, '2016-04-21 15:19:17', NULL),
(57, 'Do you ever take a break?', '', 'cau28_test3.mp3', 2, 18, 2, NULL, '2016-04-21 15:20:07', NULL),
(58, 'Isn’t that your phone ringing?', '', 'cau29_test3.mp3', 2, 18, 2, NULL, '2016-04-21 15:21:51', NULL),
(59, 'Mr. Ronald, don’t forget to take notes at the conference.', '', 'cau30_test3.mp3', 2, 18, 2, NULL, '2016-04-21 15:22:31', NULL),
(60, 'When is the new manager supposed to call?', '', 'cau31_test3.mp3', 3, 18, 2, NULL, '2016-04-21 15:23:18', NULL),
(61, 'Aren’t you going to join us for dinner?', '', 'cau32_test3.mp3', 3, 18, 2, NULL, '2016-04-21 15:24:08', NULL),
(62, 'What’s the weather forecast for tomorrow?', '', 'cau33_test3.mp3', 3, 18, 2, NULL, '2016-04-21 15:41:19', NULL),
(63, 'Can you get Nakada to complete the assignment?', '', 'cau34_test3.mp3', 3, 18, 2, NULL, '2016-04-21 15:42:29', NULL),
(64, 'I wish I could’ve seen Jim before he left.', '', 'cau35_test3.mp3', 3, 18, 2, NULL, '2016-04-21 15:43:28', NULL),
(65, 'Dr. Schatten is working on the plant design, right?', '', 'cau36_test3.mp3', 3, 18, 2, NULL, '2016-04-21 15:45:08', NULL),
(66, 'Will this suitcase fit in your trunk?', '', 'cau37_test3.mp3', 3, 18, 2, NULL, '2016-04-21 15:46:03', NULL),
(67, 'Wouldn’t it be great to take our clients out to dinner?', '', 'cau38_test3.mp3', 3, 18, 2, NULL, '2016-04-21 15:46:59', NULL),
(68, 'I don’t think we’ll meet the deadline for the report.', '', 'cau39_test3.mp3', 3, 18, 2, NULL, '2016-04-21 15:47:48', NULL),
(69, 'Why is the last payment not showing up on my bank statement?', '', 'cau40_test3.mp3', 3, 18, 2, NULL, '2016-04-21 15:48:55', NULL),
(71, 'Where is this conversation most likely taking place?', '', '', 1, 18, 3, '1', '2016-04-21 19:28:20', NULL),
(72, 'What does the man want to buy?', '', '', 1, 18, 3, '1', '2016-04-21 19:29:20', NULL),
(73, 'When does the shop open?', '', '', 1, 18, 3, '1', '2016-04-21 19:30:07', NULL),
(74, 'What is the woman looking for?', '', '', 1, 18, 3, '18', '2016-04-21 19:35:22', NULL),
(75, 'Where is Johnny today?', '', '', 1, 18, 3, '18', '2016-04-21 19:36:02', NULL),
(76, 'What does Jackie say he will do?', '', '', 1, 18, 3, '18', '2016-04-21 19:36:59', NULL),
(77, 'What does the woman say about the tickets?', '', '', 2, 18, 3, '19', '2016-04-21 19:39:37', NULL),
(78, 'Where is the event being held?', '', '', 2, 18, 3, '19', '2016-04-21 19:40:13', NULL),
(79, 'Who is performing?', '', '', 2, 18, 3, '19', '2016-04-21 19:40:58', NULL),
(80, 'Who most likely are the speakers?', '', '', 2, 18, 3, '20', '2016-04-21 19:44:51', NULL),
(81, 'What did the speakers attend last week?', '', '', 2, 18, 3, '20', '2016-04-21 19:45:49', NULL),
(82, 'What did the woman think of the event?', '', '', 2, 18, 3, '20', '2016-04-21 19:46:39', NULL),
(83, 'What problem are the speakers talking about?', '', '', 2, 18, 3, '21', '2016-04-21 19:51:53', NULL),
(84, 'What did the man do last week?', '', '', 2, 18, 3, '21', '2016-04-21 19:52:38', NULL),
(85, 'What will the woman most likely do next?', '', '', 2, 18, 3, '21', '2016-04-21 19:53:34', '2016-04-21 19:58:39'),
(86, 'Why did Ms. Fox call Ms. Alba?', '', '', 3, 18, 3, '22', '2016-04-21 19:56:26', NULL),
(87, 'What is the problem?', '', '', 3, 18, 3, '22', '2016-04-21 19:57:04', NULL),
(88, 'What will probably happen next week?', '', '', 3, 18, 3, '22', '2016-04-21 19:57:42', NULL),
(89, 'What does Mr. Sandler want to discuss with the woman?', '', '', 1, 18, 3, '23', '2016-04-21 20:03:45', NULL),
(90, 'How did the woman try to reach Mr.\r\nSandler?', '', '', 1, 18, 3, '23', '2016-04-21 20:04:22', NULL),
(91, 'What does the woman say about her schedule?', '', '', 1, 18, 3, '23', '2016-04-21 20:05:10', NULL),
(92, 'Why did the man call the bank?', '', '', 2, 18, 3, '24', '2016-04-21 20:07:35', NULL),
(93, 'What does the woman say about Saturdays?', '', '', 2, 18, 3, '24', '2016-04-21 20:08:15', NULL),
(94, 'According to the woman, what can the man do to save time?', '', '', 2, 18, 3, NULL, '2016-04-21 20:09:56', NULL),
(95, 'What day is the meeting being held?', '', '', 2, 18, 3, '25', '2016-04-21 20:12:00', NULL),
(96, 'Who will be introduced at the meeting?', '', '', 2, 18, 3, '25', '2016-04-21 20:12:40', NULL),
(97, 'Why is the woman worried?', '', '', 2, 18, 3, '25', '2016-04-21 20:13:32', NULL),
(98, 'What are the speakers talking about?', '', '', 3, 18, 3, '26', '2016-04-21 20:16:01', NULL),
(99, 'Why is the man leaving the office?', '', '', 3, 18, 3, '26', '2016-04-21 20:16:46', NULL),
(100, 'What will the man most likely do tomorrow?', '', '', 3, 18, 3, '26', '2016-04-21 20:17:23', NULL),
(101, 'What is the purpose of the message?', '', '', 1, 18, 4, '27', '2016-04-21 20:20:36', NULL),
(102, 'Who is most likely leaving the message?', '', '', 1, 18, 4, '27', '2016-04-21 20:21:10', NULL),
(103, 'What does the caller tell Ms. Spartan to do?', '', '', 1, 18, 4, '27', '2016-04-21 20:21:45', NULL),
(104, 'What is this advertisement about?', '', '', 1, 18, 4, '28', '2016-04-21 20:26:29', NULL),
(105, 'What is convenient about the product?', '', '', 1, 18, 4, '28', '2016-04-21 20:27:10', NULL),
(106, 'According to the advertisement, what is special about the product?', '', '', 1, 18, 4, '28', '2016-04-21 20:27:52', NULL),
(107, 'What kind of business is the speaker working for?', '', '', 2, 18, 4, '29', '2016-04-21 20:30:18', NULL),
(108, 'Why was the company presented an award?', '', '', 2, 18, 4, '29', '2016-04-21 20:31:01', NULL),
(109, 'What will the audience most likely do next?', '', '', 2, 18, 4, '29', '2016-04-21 20:31:37', '2016-04-21 20:31:48'),
(110, 'Who is probably the speaker?', '', '', 2, 18, 4, '30', '2016-04-21 20:33:58', NULL),
(111, 'What does the speaker say about the apartment?', '', '', 2, 18, 4, '30', '2016-04-21 20:35:03', '2016-04-21 20:35:20'),
(112, 'What does the speaker ask Shawn to do?', '', '', 1, 18, 4, '30', '2016-04-21 20:35:54', NULL),
(113, 'What is the purpose of this message?', '', '', 2, 18, 4, '31', '2016-04-21 20:38:43', NULL),
(114, 'Where is the speaker calling from?', '', '', 1, 18, 4, '31', '2016-04-21 20:39:12', NULL),
(115, 'When will the speaker be in London?', '', '', 1, 18, 4, '31', '2016-04-21 20:39:53', NULL),
(116, 'Who is this speech most likely for?', '', '', 2, 18, 4, '32', '2016-04-21 20:43:43', NULL),
(117, 'Why does the speaker thank some people?', '', '', 2, 18, 4, '32', '2016-04-21 20:44:28', NULL),
(118, 'What will most likely happen at 9 o’clock?', '', '', 2, 18, 3, '32', '2016-04-21 20:45:30', NULL),
(119, 'What is this speech about?', '', '', 2, 18, 4, '33', '2016-04-21 20:47:30', NULL),
(120, 'Who is Sharon Hunter?', '', '', 2, 18, 4, '33', '2016-04-21 20:48:14', NULL),
(121, 'What does the speaker say Ms. Hunter may find difficult?', '', '', 2, 18, 4, '33', '2016-04-21 20:49:00', NULL),
(122, 'Where is this announcement probablybeing made?', '', '', 3, 18, 4, '34', '2016-04-21 20:51:42', NULL),
(123, 'What does the speaker ask the managers to do?', '', '', 3, 18, 4, '34', '2016-04-21 20:52:20', NULL),
(124, 'Which department is making the request?', '', '', 3, 18, 4, '34', '2016-04-21 20:52:56', NULL),
(125, 'What is causing the problem?', '', '', 3, 18, 4, '35', '2016-04-21 20:56:03', NULL),
(126, 'What does the speaker suggest to do?', '', '', 3, 18, 4, '35', '2016-04-21 20:56:46', NULL),
(127, 'When will temperatures be the lowest?', '', '', 3, 18, 4, '35', '2016-04-21 20:57:28', NULL),
(128, 'What is the program focused on?', '', '', 3, 18, 4, '36', '2016-04-21 20:59:31', NULL),
(129, 'Who is Melissa Colan?', '', '', 3, 18, 4, '36', '2016-04-21 21:00:12', '2016-04-21 21:16:39'),
(130, 'What will be on air next?', '', '', 3, 18, 4, '36', '2016-04-21 21:00:55', NULL),
(131, 'This weekend the Main Street Bar & Lounge ___ closing at 1 a.m', '', '', 1, 18, 5, NULL, '2016-04-21 21:16:26', NULL),
(132, 'The hotel reservation ___ Mr. Jenkin’s business trip to London has just been confirmed by his travel agent.', '', '', 1, 18, 5, NULL, '2016-04-21 21:18:03', NULL),
(133, 'We estimate students will need ___ two hours to complete the online\r\napplication and submit it to \r\nus', '', '', 1, 18, 5, NULL, '2016-04-21 21:19:04', '2016-04-21 21:19:48'),
(134, 'Mr. Anderson has been a  senior account manager ___ over three years at one of the leading consulting firms.', '', '', 1, 18, 5, NULL, '2016-04-21 21:20:53', NULL),
(135, 'Around 90 percent of  individual stock investors were found to be not \r\nqualified for direct stock investment due to ___ of knowledge and skills in investment.', '', '', 1, 18, 5, NULL, '2016-04-21 21:22:18', '2016-04-21 21:22:48'),
(136, 'In its ongoing commitment to maintain the highest level of customer ___, Peterson Incorporated values your comments on its service.', '', '', 1, 18, 5, NULL, '2016-04-21 21:23:43', NULL),
(137, 'The sales figures are not very favorable this quarter,but are expected to rise ___.', '', '', 1, 18, 5, NULL, '2016-04-21 21:24:31', NULL),
(138, 'In spite of inclement weather, the staff Christmas party was ___ attended by both management and employees.', '', '', 1, 18, 5, NULL, '2016-04-21 21:26:15', NULL),
(139, 'A responsible financial planner give clients enough advice to help them make a right decision for ___.', '', '', 1, 18, 5, NULL, '2016-04-21 21:26:51', NULL),
(140, 'The city has received federal funding to ___ the historical City Hall building to its former beauty.', '', '', 1, 18, 5, NULL, '2016-04-21 21:27:42', NULL),
(141, 'Human resources managers should have excellence speaking and conflict resolution skills to communicate ___ with a variety of employees.', '', '', 1, 18, 5, NULL, '2016-04-21 21:28:47', NULL),
(142, 'Attached please find the file containing last week’s sales presentation ___ you requested', '', '', 1, 18, 5, NULL, '2016-04-21 21:29:34', NULL),
(143, 'Barnes & Noble can send invoices — for product orders at the customer’s request.', '', '', 1, 18, 5, NULL, '2016-04-21 21:37:24', NULL),
(145, 'Ms. Swanson will manage all operations on the upcoming construction contract, and all supervisors will report directly back to ___.', '', '', 1, 18, 5, NULL, '2016-04-21 21:41:11', NULL),
(146, 'Because of the lack of ticket sales, this evening’s theater performance has been ___ until next week.', '', '', 2, 18, 5, NULL, '2016-04-21 21:42:14', NULL),
(147, 'Canadian customs and immigration staff report that most of the breaches of security involve travelers who did not — import illegal products into the country.', '', '', 2, 18, 5, NULL, '2016-04-21 21:43:18', NULL),
(148, 'When the sales clerk finishes running all of the items through the scanner, the computer quickly prints ___ the receipt.', '', '', 2, 18, 5, NULL, '2016-04-21 21:44:21', '2016-04-21 21:44:27'),
(149, 'Product ___ at Wellington Industries work both independently and cooperatively with team members.', '', '', 2, 18, 5, NULL, '2016-04-21 21:45:42', '2016-04-21 21:49:34'),
(150, 'At Omega Engineering, we strongly believe that a ___ work environment is essential to productive and motivated employees .', '', '', 2, 18, 5, NULL, '2016-04-21 21:47:02', '2016-04-21 21:49:28'),
(151, 'Ms. Pemberton removed a number of financial charts from her presentation after deciding they would be too ___.', '', '', 2, 18, 5, NULL, '2016-04-21 21:49:23', NULL),
(152, 'The monthly staff meeting will start at 1 p.m. and all employees are invited to stay for the ___ being held afterwards inhonor of Mr. Clark’s retirement.', '', '', 2, 18, 5, NULL, '2016-04-21 21:50:46', NULL),
(153, 'When Ms. Plante ___ to New York nextweek on business, she will stay at the Four Seasons Grand Hotel', '', '', 2, 18, 5, NULL, '2016-04-21 21:52:25', NULL),
(154, 'Millennium Computer, Inc. is committed toproviding ___ products at a\r\ncompetitive price.', '', '', 2, 18, 5, NULL, '2016-04-21 21:53:25', '2016-04-21 21:53:32'),
(155, '___ among Internet providers isexpected to increase dramatically over the next year.', '', '', 2, 18, 5, NULL, '2016-04-21 21:54:28', NULL),
(156, '___ an article written in Neilson Business Weekly, CISC Bank posted a net profit of $15.8 million for the first quarter.', '', '', 2, 18, 5, NULL, '2016-04-21 21:56:16', NULL),
(157, 'The municipal government is taking ___ measures to improve outdoor park facilities within the city.', '', '', 2, 18, 5, NULL, '2016-04-21 21:57:49', NULL),
(158, 'The launch of the company’s new cellular phone network was delayed due to a problem that ___ when the equipment was tested.', '', '', 3, 18, 5, NULL, '2016-04-21 22:00:34', NULL),
(159, 'Last month, marketing managers from allover the world ___ at the London Business Center for the annual international\r\nmarketing conference.', '', '', 3, 18, 5, NULL, '2016-04-21 22:02:15', NULL),
(160, 'Many ___ financial analysts including William Gibson and Melissa Wales have published articles in the Business Times.', '', '', 3, 18, 5, NULL, '2016-04-21 22:03:18', NULL),
(161, 'This quarter’s financial report suggests that the company has been ___ concerned with increasing sales in the short term.', '', '', 3, 18, 5, NULL, '2016-04-21 22:04:09', NULL),
(162, 'Attendance at the Grape & Wine Festival was quite low the first year it was held, but intensive promotion has attracted larger crowds in ___ years.', '', '', 3, 18, 5, NULL, '2016-04-21 22:05:24', '2016-04-21 22:06:08'),
(163, 'Manufacturing Co., she reduced unnecessary travel expenditures from the budget in order to increase the company’s net profits.', '', '', 3, 18, 5, NULL, '2016-04-21 22:07:31', NULL),
(164, 'We are working on finding a solution ___ the problem with the transmission by the end of the day.', '', '', 3, 18, 5, NULL, '2016-04-21 22:09:36', NULL),
(165, 'The bike has begun to show some signs of ___, and is in the shop getting the\r\nrear wheel replaced.', '', '', 3, 18, 5, NULL, '2016-04-21 22:10:11', NULL),
(166, 'The recent boost in the sales of Men’s Health magazine has been attributed to ___ efforts to maintain wellness among men over the age of forty.', '', '', 3, 18, 5, NULL, '2016-04-21 22:11:46', '2016-04-21 22:15:56'),
(167, 'With the purchase of two additional radio stations, Hola Barcelona will secure the top ___ among Spanish media companies.', '', '', 3, 18, 5, NULL, '2016-04-21 22:14:44', '2016-04-21 22:16:03'),
(168, 'Since her appointment as Governor General, Santina has been attempting to build relationships with companies ___ the region.', '', '', 3, 18, 5, NULL, '2016-04-21 22:15:47', NULL),
(169, 'Since there is only ____ interest in the product, we will phase out its production over the next four months.', '', '', 3, 18, 5, NULL, '2016-04-21 22:20:01', '2016-04-21 22:20:08'),
(170, 'Nearly half of the bank’s clients have inquired about switching over the new ___', '', '', 3, 18, 5, NULL, '2016-04-21 22:21:07', NULL),
(171, 'The online order form for Amazoncustomers states that any purchase over $350 ___ for free delivery.', '', '', 3, 18, 5, NULL, '2016-04-21 22:23:06', '2016-04-21 22:28:44'),
(174, '.', '', '', 1, 18, 6, '37', '2016-04-21 22:40:25', NULL),
(175, '.', '', '', 1, 18, 6, '37', '2016-04-21 22:41:57', NULL),
(176, '.', '', '', 1, NULL, 1, '37', '2016-04-21 22:42:41', '2016-04-21 23:06:00'),
(177, '.', '', '', 1, 18, 6, '38', '2016-04-21 22:49:46', '2016-04-21 23:05:09'),
(178, '.', '', '', 1, 18, 6, '38', '2016-04-21 23:07:05', NULL),
(179, '.', '', '', 1, 18, 6, '38', '2016-04-21 23:07:48', NULL),
(180, '.', '', '', 1, 18, 6, '39', '2016-04-21 23:11:57', NULL),
(181, '.', '', '', 1, 18, 6, '39', '2016-04-21 23:12:33', '2016-04-21 23:13:51'),
(182, '.', '', '', 1, 18, 6, '39', '2016-04-21 23:14:28', NULL),
(183, '.', '', '', 2, 18, 6, '40', '2016-04-21 23:16:42', NULL),
(184, '.', '', '', 1, 18, 6, '40', '2016-04-21 23:17:33', NULL),
(185, '.', '', '', 1, 18, 6, '40', '2016-04-21 23:18:41', NULL),
(186, 'What is indicated about Lockheed Shoe Source?', '', '', 1, 18, 7, '41', '2016-04-21 23:24:42', NULL),
(187, 'What is NOT offered at a discount?', '', '', 2, 18, 7, '41', '2016-04-21 23:25:40', NULL),
(188, 'What position is being advertised?', '', '', 2, 18, 7, '42', '2016-04-21 23:28:13', NULL),
(189, 'What is mentioned as a requirement for the job?', '', '', 2, 18, 7, '42', '2016-04-21 23:29:16', NULL),
(190, 'Why have prices been reduced?', '', '', 1, 18, 7, '43', '2016-04-21 23:31:37', NULL),
(191, 'What product is in limited supply?', '', '', 2, 18, 7, '43', '2016-04-21 23:36:25', NULL),
(192, 'What will customers who spend more than $250 receive?', '', '', 3, 18, 7, '43', '2016-04-21 23:37:59', NULL);

-- --------------------------------------------------------

--
-- Table structure for table `user`
--

CREATE TABLE IF NOT EXISTS `user` (
  `id` int(11) NOT NULL AUTO_INCREMENT,
  `fullname` varchar(255) CHARACTER SET utf8 COLLATE utf8_unicode_ci DEFAULT NULL,
  `username` varchar(255) CHARACTER SET utf8 COLLATE utf8_unicode_ci NOT NULL,
  `password` varchar(255) CHARACTER SET utf8 COLLATE utf8_unicode_ci NOT NULL,
  `email` varchar(255) CHARACTER SET utf8 COLLATE utf8_unicode_ci DEFAULT NULL,
  `level` int(11) DEFAULT '0',
  `total_listen` int(11) DEFAULT '0',
  `total_read` int(11) DEFAULT '0',
  `listen_correct` int(11) DEFAULT '0',
  `read_correct` int(11) DEFAULT '0',
  `created` datetime NOT NULL,
  `updated` datetime NOT NULL,
  PRIMARY KEY (`id`),
  UNIQUE KEY `username` (`username`)
) ENGINE=InnoDB  DEFAULT CHARSET=latin1 AUTO_INCREMENT=29 ;

--
-- Dumping data for table `user`
--

INSERT INTO `user` (`id`, `fullname`, `username`, `password`, `email`, `level`, `total_listen`, `total_read`, `listen_correct`, `read_correct`, `created`, `updated`) VALUES
(28, 'Sương Nguyễn', 'suongnguyen93', '25f9e794323b453885f5181f1b624d0b', 'amy.suong93@gmail.com', 0, 0, 0, 0, 0, '2016-03-23 00:17:27', '0000-00-00 00:00:00');

--
-- Constraints for dumped tables
--

--
-- Constraints for table `choice`
--
ALTER TABLE `choice`
  ADD CONSTRAINT `choice_ibfk_1` FOREIGN KEY (`question_id`) REFERENCES `question` (`id`) ON DELETE NO ACTION;

--
-- Constraints for table `long_question`
--
ALTER TABLE `long_question`
  ADD CONSTRAINT `long_question_ibfk_1` FOREIGN KEY (`group_id`) REFERENCES `group` (`id`) ON DELETE NO ACTION;

--
-- Constraints for table `question`
--
ALTER TABLE `question`
  ADD CONSTRAINT `question_ibfk_1` FOREIGN KEY (`group_id`) REFERENCES `group` (`id`) ON DELETE NO ACTION;

/*!40101 SET CHARACTER_SET_CLIENT=@OLD_CHARACTER_SET_CLIENT */;
/*!40101 SET CHARACTER_SET_RESULTS=@OLD_CHARACTER_SET_RESULTS */;
/*!40101 SET COLLATION_CONNECTION=@OLD_COLLATION_CONNECTION */;
